method,target,basic_value,change
caa_attention,Achievement,Achievement,-0.321059249225288
caa_attention,Achievement,Benevolence,0.019398527220899787
caa_attention,Achievement,Conformity,-0.07121272432494094
caa_attention,Achievement,Hedonism,-0.15254482896859178
caa_attention,Achievement,Power,-0.16389092978434902
caa_attention,Achievement,Security,-0.11123390836236899
caa_attention,Achievement,Self_direction,-0.18299043309948482
caa_attention,Achievement,Stimulation,-0.35234775421853337
caa_attention,Achievement,Tradition,-0.07126645212338201
caa_attention,Achievement,Universalism,-0.16795735073643664
caa_attention,Benevolence,Achievement,0.015094654845924982
caa_attention,Benevolence,Benevolence,-0.013720036124537404
caa_attention,Benevolence,Conformity,0.03455335439496483
caa_attention,Benevolence,Hedonism,-0.023910007816343892
caa_attention,Benevolence,Power,0.024163973932348554
caa_attention,Benevolence,Security,0.023336560513213023
caa_attention,Benevolence,Self_direction,0.03183532258452065
caa_attention,Benevolence,Stimulation,0.038610385967432194
caa_attention,Benevolence,Tradition,-0.01394681947783405
caa_attention,Benevolence,Universalism,-0.016392205466853882
caa_attention,Conformity,Achievement,0.0201826824135638
caa_attention,Conformity,Benevolence,-0.15916360074391392
caa_attention,Conformity,Conformity,-0.04733163257530563
caa_attention,Conformity,Hedonism,-0.06205674682503526
caa_attention,Conformity,Power,-0.03338954201067471
caa_attention,Conformity,Security,-0.03367371890034636
caa_attention,Conformity,Self_direction,0.09987836441429963
caa_attention,Conformity,Stimulation,0.19024560399822996
caa_attention,Conformity,Tradition,-0.0121268748893818
caa_attention,Conformity,Universalism,-0.07272386670836734
caa_attention,Hedonism,Achievement,-0.05868515422265128
caa_attention,Hedonism,Benevolence,0.16176178778488248
caa_attention,Hedonism,Conformity,0.10967772322108382
caa_attention,Hedonism,Hedonism,-0.06694587308168876
caa_attention,Hedonism,Power,-0.005361515655226097
caa_attention,Hedonism,Security,0.028905052020548182
caa_attention,Hedonism,Self_direction,-0.07359806823007162
caa_attention,Hedonism,Stimulation,-0.5662408129778185
caa_attention,Hedonism,Tradition,0.026091830357265033
caa_attention,Hedonism,Universalism,-0.0059346419892806965
caa_attention,Power,Achievement,-0.1574832425668869
caa_attention,Power,Benevolence,0.10529240503589617
caa_attention,Power,Conformity,0.0005339171862551728
caa_attention,Power,Hedonism,-0.026165658045027573
caa_attention,Power,Power,-0.13619057377555008
caa_attention,Power,Security,-0.06829178799744343
caa_attention,Power,Self_direction,0.03952084222375144
caa_attention,Power,Stimulation,0.07185147360331223
caa_attention,Power,Tradition,0.07745786188537607
caa_attention,Power,Universalism,0.005511552286622312
caa_attention,Security,Achievement,-0.05311629503253146
caa_attention,Security,Benevolence,-0.1579597848100931
caa_attention,Security,Conformity,-0.1531665782297308
caa_attention,Security,Hedonism,-0.13850086624062063
caa_attention,Security,Power,-0.09271568373258277
caa_attention,Security,Security,-0.224557284697815
caa_attention,Security,Self_direction,0.03307090560856994
caa_attention,Security,Stimulation,0.15959089690732395
caa_attention,Security,Tradition,-0.016721428085080703
caa_attention,Security,Universalism,-0.13005002097379312
caa_attention,Self_direction,Achievement,0.025235502768528838
caa_attention,Self_direction,Benevolence,0.08023127799265639
caa_attention,Self_direction,Conformity,0.046713280725741366
caa_attention,Self_direction,Hedonism,-0.018583297007213062
caa_attention,Self_direction,Power,0.050648400482322
caa_attention,Self_direction,Security,0.029644271883589424
caa_attention,Self_direction,Self_direction,-0.20604326993211536
caa_attention,Self_direction,Stimulation,-0.14733508603931242
caa_attention,Self_direction,Tradition,0.059851136315088094
caa_attention,Self_direction,Universalism,0.0064221537465431085
caa_attention,Stimulation,Achievement,-0.06530503875771512
caa_attention,Stimulation,Benevolence,0.16282105690818766
caa_attention,Stimulation,Conformity,0.15085274508062058
caa_attention,Stimulation,Hedonism,-0.21333193433192887
caa_attention,Stimulation,Power,0.18345056253570088
caa_attention,Stimulation,Security,0.13590452271046383
caa_attention,Stimulation,Self_direction,0.021325999498374902
caa_attention,Stimulation,Stimulation,-0.7710552310177042
caa_attention,Stimulation,Tradition,0.2077518488447273
caa_attention,Stimulation,Universalism,-0.07405183455599115
caa_attention,Tradition,Achievement,0.01344193718541491
caa_attention,Tradition,Benevolence,0.0048785833623997245
caa_attention,Tradition,Conformity,0.01783645308304216
caa_attention,Tradition,Hedonism,0.01579798513847397
caa_attention,Tradition,Power,0.01851898989215084
caa_attention,Tradition,Security,0.0068314867286673134
caa_attention,Tradition,Self_direction,0.008592688229853393
caa_attention,Tradition,Stimulation,0.013717125544765748
caa_attention,Tradition,Tradition,0.020544269926245473
caa_attention,Tradition,Universalism,0.013793567163671491
caa_attention,Universalism,Achievement,0.011054680740292344
caa_attention,Universalism,Benevolence,0.007110079724649454
caa_attention,Universalism,Conformity,0.0047035632473745315
caa_attention,Universalism,Hedonism,0.007968737523440073
caa_attention,Universalism,Power,0.019998648239238397
caa_attention,Universalism,Security,0.012361012415572858
caa_attention,Universalism,Self_direction,0.004552181492351574
caa_attention,Universalism,Stimulation,0.003226466098098957
caa_attention,Universalism,Tradition,0.009706966151646124
caa_attention,Universalism,Universalism,0.0035795872791064736
caa_residual,Achievement,Achievement,-0.6198905677155786
caa_residual,Achievement,Benevolence,-0.6758362012921136
caa_residual,Achievement,Conformity,-0.5823517661220776
caa_residual,Achievement,Hedonism,-0.2757142391621774
caa_residual,Achievement,Power,-0.4783622113842118
caa_residual,Achievement,Security,-0.6432294686428071
caa_residual,Achievement,Self_direction,-0.6103158546402754
caa_residual,Achievement,Stimulation,-0.647601248295871
caa_residual,Achievement,Tradition,-0.4621918504709256
caa_residual,Achievement,Universalism,-0.756806125736176
caa_residual,Benevolence,Achievement,-0.20513866171281045
caa_residual,Benevolence,Benevolence,-0.307770906261589
caa_residual,Benevolence,Conformity,-0.22771002849340366
caa_residual,Benevolence,Hedonism,-0.13305654870578065
caa_residual,Benevolence,Power,-0.17339922547897232
caa_residual,Benevolence,Security,-0.2465212700873244
caa_residual,Benevolence,Self_direction,-0.2034557239227187
caa_residual,Benevolence,Stimulation,-0.29952913173180934
caa_residual,Benevolence,Tradition,-0.329190128956254
caa_residual,Benevolence,Universalism,-0.2998929555020482
caa_residual,Conformity,Achievement,-0.23442637660020318
caa_residual,Conformity,Benevolence,-0.6648836877708602
caa_residual,Conformity,Conformity,-0.6964230726139631
caa_residual,Conformity,Hedonism,-0.21486701038063494
caa_residual,Conformity,Power,-0.24566559730661228
caa_residual,Conformity,Security,-0.5331655179560388
caa_residual,Conformity,Self_direction,-0.20349441039730815
caa_residual,Conformity,Stimulation,-0.030737818623782925
caa_residual,Conformity,Tradition,-0.5380403424346116
caa_residual,Conformity,Universalism,-0.6150173901334451
caa_residual,Hedonism,Achievement,0.06946928950299394
caa_residual,Hedonism,Benevolence,0.08391952956359912
caa_residual,Hedonism,Conformity,0.09665954290552844
caa_residual,Hedonism,Hedonism,0.014337042842595071
caa_residual,Hedonism,Power,0.08282497609177693
caa_residual,Hedonism,Security,0.001125472007384043
caa_residual,Hedonism,Self_direction,-0.006438956462507324
caa_residual,Hedonism,Stimulation,-0.09601410429750008
caa_residual,Hedonism,Tradition,0.08954935483545845
caa_residual,Hedonism,Universalism,0.04077922453976853
caa_residual,Power,Achievement,-0.06427682931319505
caa_residual,Power,Benevolence,-0.037714516367116334
caa_residual,Power,Conformity,-0.057042528662994675
caa_residual,Power,Hedonism,-0.014395538109713168
caa_residual,Power,Power,-0.05035027765425826
caa_residual,Power,Security,-0.05258536804682534
caa_residual,Power,Self_direction,-0.03281332384448717
caa_residual,Power,Stimulation,-0.023634148746346728
caa_residual,Power,Tradition,-0.010113174406431114
caa_residual,Power,Universalism,-0.05468094254318604
caa_residual,Security,Achievement,0.049843150373797274
caa_residual,Security,Benevolence,-0.023626777638040043
caa_residual,Security,Conformity,-0.03834746002066991
caa_residual,Security,Hedonism,0.007538830117376438
caa_residual,Security,Power,-0.010438807339687347
caa_residual,Security,Security,-0.07737231112894331
caa_residual,Security,Self_direction,0.02881209192709248
caa_residual,Security,Stimulation,0.17963887830952574
caa_residual,Security,Tradition,0.03249363681876949
caa_residual,Security,Universalism,-0.0421301269781844
caa_residual,Self_direction,Achievement,0.06454232308125105
caa_residual,Self_direction,Benevolence,0.053248380158058994
caa_residual,Self_direction,Conformity,-0.055284735677122075
caa_residual,Self_direction,Hedonism,0.03955421335866305
caa_residual,Self_direction,Power,0.1791517984543852
caa_residual,Self_direction,Security,0.03322691605633974
caa_residual,Self_direction,Self_direction,-0.07568503153698822
caa_residual,Self_direction,Stimulation,-0.037308426949869876
caa_residual,Self_direction,Tradition,0.08419722557891984
caa_residual,Self_direction,Universalism,-0.02113148497145232
caa_residual,Stimulation,Achievement,-0.2617527735176632
caa_residual,Stimulation,Benevolence,-0.11879389848146743
caa_residual,Stimulation,Conformity,-0.18292447141143822
caa_residual,Stimulation,Hedonism,-0.21962304110275443
caa_residual,Stimulation,Power,-0.07492300122392488
caa_residual,Stimulation,Security,-0.1920263911079096
caa_residual,Stimulation,Self_direction,-0.3201711152745198
caa_residual,Stimulation,Stimulation,-0.6421011410371348
caa_residual,Stimulation,Tradition,-0.08423057877838114
caa_residual,Stimulation,Universalism,-0.34476786867902676
caa_residual,Tradition,Achievement,0.13183976287499447
caa_residual,Tradition,Benevolence,-0.0345193538094682
caa_residual,Tradition,Conformity,-0.024113105294818176
caa_residual,Tradition,Hedonism,0.02186536211099943
caa_residual,Tradition,Power,0.1048830219711205
caa_residual,Tradition,Security,0.0034672884821164603
caa_residual,Tradition,Self_direction,0.08992907106955945
caa_residual,Tradition,Stimulation,0.13387935010879382
caa_residual,Tradition,Tradition,0.004587934245926184
caa_residual,Tradition,Universalism,0.01885376520416147
caa_residual,Universalism,Achievement,-0.11018916171496329
caa_residual,Universalism,Benevolence,-0.4686424785691149
caa_residual,Universalism,Conformity,-0.5580505662791736
caa_residual,Universalism,Hedonism,-0.1419900937257088
caa_residual,Universalism,Power,-0.11062170405854317
caa_residual,Universalism,Security,-0.39480409211361034
caa_residual,Universalism,Self_direction,-0.2558245772035861
caa_residual,Universalism,Stimulation,-0.14830059938113202
caa_residual,Universalism,Tradition,-0.5400332502993145
caa_residual,Universalism,Universalism,-0.6693096529201216
dpo,Achievement,Achievement,-0.013384659979201885
dpo,Achievement,Benevolence,0.009057644230019668
dpo,Achievement,Conformity,0.011691757418660981
dpo,Achievement,Hedonism,-0.019321446399304776
dpo,Achievement,Power,0.002995955672669933
dpo,Achievement,Security,-0.010348820175647488
dpo,Achievement,Self_direction,0.0023944929737447773
dpo,Achievement,Stimulation,0.023362635567027112
dpo,Achievement,Tradition,0.003375498579311853
dpo,Achievement,Universalism,-0.007803686572502003
dpo,Benevolence,Achievement,-0.037716893841797904
dpo,Benevolence,Benevolence,-0.01540958629520861
dpo,Benevolence,Conformity,-0.023546545977669885
dpo,Benevolence,Hedonism,-0.011987103536912791
dpo,Benevolence,Power,-0.022207481325203043
dpo,Benevolence,Security,-0.029439404565828876
dpo,Benevolence,Self_direction,-0.01924954937067025
dpo,Benevolence,Stimulation,-0.0294931521693725
dpo,Benevolence,Tradition,-0.019185243540112307
dpo,Benevolence,Universalism,-0.028108812592125887
dpo,Conformity,Achievement,-0.022487611751017232
dpo,Conformity,Benevolence,-0.028403959073515117
dpo,Conformity,Conformity,-0.018489697366412185
dpo,Conformity,Hedonism,-0.002949499723538196
dpo,Conformity,Power,-0.020278198278481468
dpo,Conformity,Security,-0.008587948314814797
dpo,Conformity,Self_direction,-0.01806599693558843
dpo,Conformity,Stimulation,-0.018039000997956595
dpo,Conformity,Tradition,-0.03131261176718825
dpo,Conformity,Universalism,-0.014235612585913233
dpo,Hedonism,Achievement,0.015676811463291383
dpo,Hedonism,Benevolence,0.021996049386377982
dpo,Hedonism,Conformity,0.012955480022869097
dpo,Hedonism,Hedonism,-0.009254187719551776
dpo,Hedonism,Power,0.028123419344666074
dpo,Hedonism,Security,0.011508314298436129
dpo,Hedonism,Self_direction,0.029263658005563985
dpo,Hedonism,Stimulation,0.048535084111359574
dpo,Hedonism,Tradition,0.015570264496990283
dpo,Hedonism,Universalism,0.012852938186401689
dpo,Power,Achievement,-0.02839968926235139
dpo,Power,Benevolence,-0.005080509852925763
dpo,Power,Conformity,0.011785300693549402
dpo,Power,Hedonism,-0.017047752347334022
dpo,Power,Power,-0.0037325343641844144
dpo,Power,Security,-0.018141121381316405
dpo,Power,Self_direction,-0.009934762405367281
dpo,Power,Stimulation,-0.007588403248406668
dpo,Power,Tradition,-0.005288431893600287
dpo,Power,Universalism,-0.004463898360645109
dpo,Security,Achievement,0.01637051322126202
dpo,Security,Benevolence,0.017134291018273306
dpo,Security,Conformity,0.017349712018190355
dpo,Security,Hedonism,0.003893639446161057
dpo,Security,Power,0.023264080393772296
dpo,Security,Security,0.024469676579577836
dpo,Security,Self_direction,0.02636382450674494
dpo,Security,Stimulation,0.04758668489438881
dpo,Security,Tradition,0.013263784827797998
dpo,Security,Universalism,0.020404435866505255
dpo,Self_direction,Achievement,0.007592091519659627
dpo,Self_direction,Benevolence,0.015604570601604384
dpo,Self_direction,Conformity,0.014924398642192341
dpo,Self_direction,Hedonism,-0.0011225685682929587
dpo,Self_direction,Power,0.020135586913359666
dpo,Self_direction,Security,0.016106520653468025
dpo,Self_direction,Self_direction,0.014381431213733364
dpo,Self_direction,Stimulation,0.021071128849289373
dpo,Self_direction,Tradition,0.023698227290482987
dpo,Self_direction,Universalism,0.0065458321319031105
dpo,Stimulation,Achievement,0.007073668122778098
dpo,Stimulation,Benevolence,0.012404672625548984
dpo,Stimulation,Conformity,0.005930823364451165
dpo,Stimulation,Hedonism,-0.01984847183977889
dpo,Stimulation,Power,0.021278439827881763
dpo,Stimulation,Security,0.00991297549146628
dpo,Stimulation,Self_direction,0.006318043990561313
dpo,Stimulation,Stimulation,0.028974835195852904
dpo,Stimulation,Tradition,0.025079395274530958
dpo,Stimulation,Universalism,0.00607876675780474
dpo,Tradition,Achievement,-0.006607386394575254
dpo,Tradition,Benevolence,0.006490818876798898
dpo,Tradition,Conformity,0.010816279783396165
dpo,Tradition,Hedonism,-0.01424654285358562
dpo,Tradition,Power,0.006042666995987249
dpo,Tradition,Security,-0.008640361933440066
dpo,Tradition,Self_direction,0.0020738101044060304
dpo,Tradition,Stimulation,0.026594596003518916
dpo,Tradition,Tradition,0.004532587777486108
dpo,Tradition,Universalism,-0.00016247189571092857
dpo,Universalism,Achievement,-0.012929022530232315
dpo,Universalism,Benevolence,-0.01697988429950483
dpo,Universalism,Conformity,-0.012669267230503914
dpo,Universalism,Hedonism,-0.006734809666347541
dpo,Universalism,Power,-0.018335338460047795
dpo,Universalism,Security,-0.0004156618861580032
dpo,Universalism,Self_direction,-0.009249226930697296
dpo,Universalism,Stimulation,-0.012543937717112078
dpo,Universalism,Tradition,-0.02616748842840555
dpo,Universalism,Universalism,-0.012500174022941735
hypo,Achievement,Achievement,-0.008369011330866049
hypo,Achievement,Benevolence,-0.005323498532816861
hypo,Achievement,Conformity,-0.0006676184634618982
hypo,Achievement,Hedonism,-0.010398374581491066
hypo,Achievement,Power,0.004732860483015393
hypo,Achievement,Security,-0.006541706541411374
hypo,Achievement,Self_direction,-0.017599690717687633
hypo,Achievement,Stimulation,-0.018472565502939926
hypo,Achievement,Tradition,-0.00968198685064825
hypo,Achievement,Universalism,-0.011415132531735928
hypo,Benevolence,Achievement,-0.05870623110138693
hypo,Benevolence,Benevolence,-0.030065036907962715
hypo,Benevolence,Conformity,-0.026077400443105914
hypo,Benevolence,Hedonism,-0.004559787919174774
hypo,Benevolence,Power,-0.03358856133120499
hypo,Benevolence,Security,-0.038101066613781855
hypo,Benevolence,Self_direction,-0.046170463273659576
hypo,Benevolence,Stimulation,-0.04041781053638157
hypo,Benevolence,Tradition,-0.04891876019314201
hypo,Benevolence,Universalism,-0.04255167470259994
hypo,Conformity,Achievement,-0.023960286840509236
hypo,Conformity,Benevolence,-0.010694401527824571
hypo,Conformity,Conformity,-0.011387447096772196
hypo,Conformity,Hedonism,-0.0026045305218129755
hypo,Conformity,Power,-0.0082564651128878
hypo,Conformity,Security,0.0016327195389578054
hypo,Conformity,Self_direction,-0.01907468540848367
hypo,Conformity,Stimulation,-0.016930806850730857
hypo,Conformity,Tradition,-0.010386805350594663
hypo,Conformity,Universalism,-0.01281978295016839
hypo,Hedonism,Achievement,0.014838812739184526
hypo,Hedonism,Benevolence,0.01637443087235424
hypo,Hedonism,Conformity,0.015143931126593882
hypo,Hedonism,Hedonism,0.005079468501097306
hypo,Hedonism,Power,0.03318761628332497
hypo,Hedonism,Security,0.017679346541488485
hypo,Hedonism,Self_direction,0.014202517297550196
hypo,Hedonism,Stimulation,0.02443795251404361
hypo,Hedonism,Tradition,0.014746646900820504
hypo,Hedonism,Universalism,0.017410119578491146
hypo,Power,Achievement,-0.026467250406970243
hypo,Power,Benevolence,-0.007538516448796706
hypo,Power,Conformity,-0.0029675343291815093
hypo,Power,Hedonism,-0.010204902081133671
hypo,Power,Power,-0.023557063245198056
hypo,Power,Security,-0.01329942456465163
hypo,Power,Self_direction,-0.026936643824996997
hypo,Power,Stimulation,-0.02758439914625536
hypo,Power,Tradition,-0.018177191977740592
hypo,Power,Universalism,-0.009648005980816351
hypo,Security,Achievement,0.00703919202202683
hypo,Security,Benevolence,0.007087965318183476
hypo,Security,Conformity,0.009312662332285929
hypo,Security,Hedonism,0.020188826689048867
hypo,Security,Power,0.01214496256450955
hypo,Security,Security,0.011516176420383006
hypo,Security,Self_direction,-0.005921281449862666
hypo,Security,Stimulation,-0.00469166164322754
hypo,Security,Tradition,0.013465250164934939
hypo,Security,Universalism,0.015173716208294701
hypo,Self_direction,Achievement,0.004487951335544915
hypo,Self_direction,Benevolence,0.009879039879807894
hypo,Self_direction,Conformity,0.01487888764920912
hypo,Self_direction,Hedonism,0.015317934577672165
hypo,Self_direction,Power,0.022274272462164624
hypo,Self_direction,Security,0.01660435742966626
hypo,Self_direction,Self_direction,0.009287025858940515
hypo,Self_direction,Stimulation,0.00029443470712534986
hypo,Self_direction,Tradition,0.020284491148894634
hypo,Self_direction,Universalism,0.016150626024006392
hypo,Stimulation,Achievement,-0.015432125707107058
hypo,Stimulation,Benevolence,-0.0026471321505048494
hypo,Stimulation,Conformity,-0.004330325962035124
hypo,Stimulation,Hedonism,-0.002060317562969427
hypo,Stimulation,Power,0.014045913659814557
hypo,Stimulation,Security,-0.004152765734616181
hypo,Stimulation,Self_direction,-0.02253866370637355
hypo,Stimulation,Stimulation,-0.021180947561932967
hypo,Stimulation,Tradition,-0.005227548544466942
hypo,Stimulation,Universalism,-0.006434513940285122
hypo,Tradition,Achievement,-0.0060325505234939845
hypo,Tradition,Benevolence,-0.005161399281363011
hypo,Tradition,Conformity,0.006409862922057326
hypo,Tradition,Hedonism,0.001064327461834047
hypo,Tradition,Power,0.004175563409487622
hypo,Tradition,Security,-0.0054794971044351826
hypo,Tradition,Self_direction,0.0014196306087294794
hypo,Tradition,Stimulation,0.004094434825672326
hypo,Tradition,Tradition,-0.0028104209653800893
hypo,Tradition,Universalism,-0.0041556174936828545
hypo,Universalism,Achievement,-0.019784167520165586
hypo,Universalism,Benevolence,-0.013596634562717202
hypo,Universalism,Conformity,-0.009874864718100989
hypo,Universalism,Hedonism,0.006460582621876654
hypo,Universalism,Power,-0.012492009360498805
hypo,Universalism,Security,-0.006005618898863174
hypo,Universalism,Self_direction,-0.024877322964063902
hypo,Universalism,Stimulation,-0.025519900971019343
hypo,Universalism,Tradition,-0.025912506648805067
hypo,Universalism,Universalism,-0.018113507430384885
ipo,Achievement,Achievement,-0.008090686653808054
ipo,Achievement,Benevolence,-0.012011830181287953
ipo,Achievement,Conformity,-0.008741678327821727
ipo,Achievement,Hedonism,-0.000750025908159202
ipo,Achievement,Power,-0.0074454106369032935
ipo,Achievement,Security,-0.014735926097164764
ipo,Achievement,Self_direction,0.0051733017709799465
ipo,Achievement,Stimulation,-0.006513145194480578
ipo,Achievement,Tradition,-0.003076782889600893
ipo,Achievement,Universalism,-0.003683363518523016
ipo,Benevolence,Achievement,-0.05068756308858089
ipo,Benevolence,Benevolence,-0.04577186643012008
ipo,Benevolence,Conformity,-0.03812256146637276
ipo,Benevolence,Hedonism,-0.021055029290580674
ipo,Benevolence,Power,-0.0361592595964351
ipo,Benevolence,Security,-0.05959844484711341
ipo,Benevolence,Self_direction,-0.04802126046633391
ipo,Benevolence,Stimulation,-0.09097970437577689
ipo,Benevolence,Tradition,-0.053808675162128616
ipo,Benevolence,Universalism,-0.03889768618130268
ipo,Conformity,Achievement,-0.02515969228676145
ipo,Conformity,Benevolence,-0.03478479508708958
ipo,Conformity,Conformity,-0.026066766242215524
ipo,Conformity,Hedonism,-0.02056407387961423
ipo,Conformity,Power,-0.03915416319001245
ipo,Conformity,Security,-0.01335654448402892
ipo,Conformity,Self_direction,-0.01314131282610905
ipo,Conformity,Stimulation,-0.03869967255867509
ipo,Conformity,Tradition,-0.02154554167547096
ipo,Conformity,Universalism,-0.016172781986519114
ipo,Hedonism,Achievement,0.02129888468998775
ipo,Hedonism,Benevolence,-0.001961871125018422
ipo,Hedonism,Conformity,-0.004204629488072431
ipo,Hedonism,Hedonism,0.006522306349582951
ipo,Hedonism,Power,0.006899542448937386
ipo,Hedonism,Security,0.010301352057571767
ipo,Hedonism,Self_direction,0.008800313816286673
ipo,Hedonism,Stimulation,-0.000960904827153423
ipo,Hedonism,Tradition,0.0025728274876993806
ipo,Hedonism,Universalism,0.010596063795184425
ipo,Power,Achievement,-0.017747752137021778
ipo,Power,Benevolence,-0.008760986155718475
ipo,Power,Conformity,-0.000841356819171228
ipo,Power,Hedonism,-0.018891579493669042
ipo,Power,Power,-0.010932524162569254
ipo,Power,Security,-0.009402356666408295
ipo,Power,Self_direction,-0.01758657056204268
ipo,Power,Stimulation,-0.04417983009544191
ipo,Power,Tradition,-0.003061084761447841
ipo,Power,Universalism,-0.004461336498141473
ipo,Security,Achievement,0.024108040370799434
ipo,Security,Benevolence,-0.0008827318989807816
ipo,Security,Conformity,-0.005955594790805023
ipo,Security,Hedonism,0.006582698661540043
ipo,Security,Power,0.0003677964796062379
ipo,Security,Security,0.006957467096034287
ipo,Security,Self_direction,0.031492735130559654
ipo,Security,Stimulation,0.017437662740603137
ipo,Security,Tradition,0.013579227639930025
ipo,Security,Universalism,0.011534818225833132
ipo,Self_direction,Achievement,0.023778536608780376
ipo,Self_direction,Benevolence,0.005861127467135362
ipo,Self_direction,Conformity,-0.001215150428067191
ipo,Self_direction,Hedonism,-0.004151735168185233
ipo,Self_direction,Power,0.00240240844297294
ipo,Self_direction,Security,0.007313104753184185
ipo,Self_direction,Self_direction,0.013272859191923485
ipo,Self_direction,Stimulation,-0.018720784533579653
ipo,Self_direction,Tradition,0.011555032981048097
ipo,Self_direction,Universalism,0.013077856365589982
ipo,Stimulation,Achievement,-0.004978346169592207
ipo,Stimulation,Benevolence,-0.012257264259793742
ipo,Stimulation,Conformity,-0.006949554046159342
ipo,Stimulation,Hedonism,0.003556700402596924
ipo,Stimulation,Power,-0.004387128603434413
ipo,Stimulation,Security,-0.014576640259636875
ipo,Stimulation,Self_direction,-0.008170216705992347
ipo,Stimulation,Stimulation,-0.02424604834490518
ipo,Stimulation,Tradition,-0.009766675025084326
ipo,Stimulation,Universalism,0.0032233740838411573
ipo,Tradition,Achievement,-0.016788733993040504
ipo,Tradition,Benevolence,-0.028974029545122272
ipo,Tradition,Conformity,-0.028092000778041748
ipo,Tradition,Hedonism,-0.0147215650797623
ipo,Tradition,Power,-0.027174835032020932
ipo,Tradition,Security,-0.03528355139221799
ipo,Tradition,Self_direction,-0.017003726540549397
ipo,Tradition,Stimulation,-0.06073494293351933
ipo,Tradition,Tradition,-0.02819648910779682
ipo,Tradition,Universalism,-0.016878863565356228
ipo,Universalism,Achievement,-0.04232429210228914
ipo,Universalism,Benevolence,-0.05499973084009639
ipo,Universalism,Conformity,-0.04292307248769811
ipo,Universalism,Hedonism,-0.0048806701700847555
ipo,Universalism,Power,-0.04473268571764174
ipo,Universalism,Security,-0.049937871023783865
ipo,Universalism,Self_direction,-0.037742359931082214
ipo,Universalism,Stimulation,-0.07772242826583486
ipo,Universalism,Tradition,-0.06264523813372902
ipo,Universalism,Universalism,-0.02639719826270028
kto,Achievement,Achievement,-0.006247767208667687
kto,Achievement,Benevolence,-0.024693222789379864
kto,Achievement,Conformity,-0.008547685719671422
kto,Achievement,Hedonism,-0.008631846471776061
kto,Achievement,Power,-0.014832468164792964
kto,Achievement,Security,-0.00376496432219553
kto,Achievement,Self_direction,-0.01274591316453888
kto,Achievement,Stimulation,0.008265908547708811
kto,Achievement,Tradition,-0.01755678924639681
kto,Achievement,Universalism,-0.013488857135664372
kto,Benevolence,Achievement,0.00437041694129352
kto,Benevolence,Benevolence,-0.014826020489700697
kto,Benevolence,Conformity,0.005563741305757874
kto,Benevolence,Hedonism,0.0067464994081167795
kto,Benevolence,Power,-0.0034187817670714806
kto,Benevolence,Security,0.001122499095366325
kto,Benevolence,Self_direction,-0.009566818630383889
kto,Benevolence,Stimulation,0.0043976996517588835
kto,Benevolence,Tradition,-0.015907421041963077
kto,Benevolence,Universalism,0.004546741838332517
kto,Conformity,Achievement,0.009777430009447396
kto,Conformity,Benevolence,-0.025750819628166943
kto,Conformity,Conformity,0.002762343185642761
kto,Conformity,Hedonism,0.014407696587736218
kto,Conformity,Power,-0.0011353478811312323
kto,Conformity,Security,0.010926716963762106
kto,Conformity,Self_direction,0.012428592738902825
kto,Conformity,Stimulation,-0.0005146395853388164
kto,Conformity,Tradition,-0.013050567509785727
kto,Conformity,Universalism,0.001070791424207925
kto,Hedonism,Achievement,0.017371311441970592
kto,Hedonism,Benevolence,0.0027363511483502025
kto,Hedonism,Conformity,0.02002526885309349
kto,Hedonism,Hedonism,0.005798055036925209
kto,Hedonism,Power,0.0011089690260351153
kto,Hedonism,Security,0.0126740035385428
kto,Hedonism,Self_direction,0.003167488784378466
kto,Hedonism,Stimulation,0.02422493232599443
kto,Hedonism,Tradition,-0.0031498906922144965
kto,Hedonism,Universalism,0.002629428356695218
kto,Power,Achievement,0.0359461318818036
kto,Power,Benevolence,0.011997797317692283
kto,Power,Conformity,0.029908330764548463
kto,Power,Hedonism,0.014742838271130765
kto,Power,Power,0.02565113504302678
kto,Power,Security,0.020172729932231494
kto,Power,Self_direction,0.02009266020558418
kto,Power,Stimulation,0.029275567343736153
kto,Power,Tradition,0.01706106698200527
kto,Power,Universalism,0.021326530588008152
kto,Security,Achievement,0.0027216920755587016
kto,Security,Benevolence,-0.01235457556726407
kto,Security,Conformity,0.008204377009801183
kto,Security,Hedonism,0.010564993825323388
kto,Security,Power,0.0015834630545510746
kto,Security,Security,-0.0017206819557373798
kto,Security,Self_direction,0.006767575762155827
kto,Security,Stimulation,-0.013108201888796392
kto,Security,Tradition,-5.805211789022824e-05
kto,Security,Universalism,0.009036535675482866
kto,Self_direction,Achievement,0.02042713423997391
kto,Self_direction,Benevolence,-0.010220686423402259
kto,Self_direction,Conformity,0.0027612811626657185
kto,Self_direction,Hedonism,0.013962122194038251
kto,Self_direction,Power,0.00250680796850844
kto,Self_direction,Security,0.008958910669422915
kto,Self_direction,Self_direction,-0.0015581998656861162
kto,Self_direction,Stimulation,0.006095843497527416
kto,Self_direction,Tradition,-0.0036092673431737943
kto,Self_direction,Universalism,0.005409746393833939
kto,Stimulation,Achievement,0.027009912321620755
kto,Stimulation,Benevolence,0.0037604393156502438
kto,Stimulation,Conformity,0.00548343686824985
kto,Stimulation,Hedonism,0.011029496350551504
kto,Stimulation,Power,0.010570044668846479
kto,Stimulation,Security,0.006905746590965101
kto,Stimulation,Self_direction,0.010210660960452811
kto,Stimulation,Stimulation,-0.007494067879460904
kto,Stimulation,Tradition,-0.0055700502152867815
kto,Stimulation,Universalism,0.012180562415722481
kto,Tradition,Achievement,0.02054264510562991
kto,Tradition,Benevolence,0.0002575428817118918
kto,Tradition,Conformity,0.010115027352432008
kto,Tradition,Hedonism,0.010754661217672545
kto,Tradition,Power,0.0008278444263067527
kto,Tradition,Security,0.00613719480735384
kto,Tradition,Self_direction,0.01352207259192669
kto,Tradition,Stimulation,0.0032826504534065513
kto,Tradition,Tradition,0.0016530222112955961
kto,Tradition,Universalism,0.0028563061794174374
kto,Universalism,Achievement,-0.006763333820691342
kto,Universalism,Benevolence,-0.032476186766932605
kto,Universalism,Conformity,-0.00019754404097201595
kto,Universalism,Hedonism,0.014377728780820664
kto,Universalism,Power,-0.0361561164288244
kto,Universalism,Security,0.00021227909251271266
kto,Universalism,Self_direction,-0.01599166996129381
kto,Universalism,Stimulation,-0.018230016942260896
kto,Universalism,Tradition,-0.023516876039678336
kto,Universalism,Universalism,-0.00647949708156779
orpo,Achievement,Achievement,-0.012867540295407398
orpo,Achievement,Benevolence,-0.017402733589092344
orpo,Achievement,Conformity,-0.002986520302715734
orpo,Achievement,Hedonism,-0.005037528403008196
orpo,Achievement,Power,-0.020412970298696747
orpo,Achievement,Security,-0.006120185179937199
orpo,Achievement,Self_direction,-0.01093878977765404
orpo,Achievement,Stimulation,-8.885203916027724e-05
orpo,Achievement,Tradition,-0.01756738162318061
orpo,Achievement,Universalism,-0.0022552621058637237
orpo,Benevolence,Achievement,-0.035908144568348364
orpo,Benevolence,Benevolence,-0.043147868482218986
orpo,Benevolence,Conformity,-0.02314457859440152
orpo,Benevolence,Hedonism,-0.03411083880501664
orpo,Benevolence,Power,-0.023597866674853567
orpo,Benevolence,Security,-0.0294514549388565
orpo,Benevolence,Self_direction,-0.03063722076699993
orpo,Benevolence,Stimulation,-0.03321043719035455
orpo,Benevolence,Tradition,-0.04335498314835229
orpo,Benevolence,Universalism,-0.028766583898483373
orpo,Conformity,Achievement,-0.0041162038633359545
orpo,Conformity,Benevolence,-0.015009120452796454
orpo,Conformity,Conformity,-0.013387489412015025
orpo,Conformity,Hedonism,-0.029206952048751678
orpo,Conformity,Power,-0.020322347407548198
orpo,Conformity,Security,-0.014403569250086434
orpo,Conformity,Self_direction,-0.009760925393476708
orpo,Conformity,Stimulation,-0.004720798085058764
orpo,Conformity,Tradition,-0.023569761745495854
orpo,Conformity,Universalism,-0.011629564548419217
orpo,Hedonism,Achievement,-0.020223935205304678
orpo,Hedonism,Benevolence,-0.001751526434359363
orpo,Hedonism,Conformity,-0.008780510613405531
orpo,Hedonism,Hedonism,-0.01823854406938752
orpo,Hedonism,Power,-0.0059553408570565125
orpo,Hedonism,Security,-0.00486811028067895
orpo,Hedonism,Self_direction,-0.009053700910865029
orpo,Hedonism,Stimulation,-0.0034171865496275267
orpo,Hedonism,Tradition,-0.012270653130961429
orpo,Hedonism,Universalism,0.001344422283342935
orpo,Power,Achievement,0.00018414341139569857
orpo,Power,Benevolence,0.010270758292410753
orpo,Power,Conformity,0.003241958374960922
orpo,Power,Hedonism,0.017482060668293276
orpo,Power,Power,-0.0019366845534517507
orpo,Power,Security,0.009643462870096453
orpo,Power,Self_direction,0.013057418003888637
orpo,Power,Stimulation,0.00483552542574713
orpo,Power,Tradition,-0.0027553319316042657
orpo,Power,Universalism,0.020158637059371615
orpo,Security,Achievement,-0.008831131587858466
orpo,Security,Benevolence,-0.005406409613185592
orpo,Security,Conformity,-0.010195635638366746
orpo,Security,Hedonism,-0.022017944258248878
orpo,Security,Power,-0.01297729005310518
orpo,Security,Security,-0.005970854119694025
orpo,Security,Self_direction,7.650804713197701e-05
orpo,Security,Stimulation,-0.01299193243633523
orpo,Security,Tradition,-0.011756082400812384
orpo,Security,Universalism,-0.005222179369300417
orpo,Self_direction,Achievement,-0.010260801006694287
orpo,Self_direction,Benevolence,0.008305117218411406
orpo,Self_direction,Conformity,-0.005320030686215005
orpo,Self_direction,Hedonism,-0.03293642715962086
orpo,Self_direction,Power,0.00752740685137306
orpo,Self_direction,Security,0.0002356471722505752
orpo,Self_direction,Self_direction,0.0024448844250579875
orpo,Self_direction,Stimulation,-0.008224649927638309
orpo,Self_direction,Tradition,-0.006325324892798689
orpo,Self_direction,Universalism,-0.000603096099720017
orpo,Stimulation,Achievement,-0.0068710812436225234
orpo,Stimulation,Benevolence,0.004292731670424543
orpo,Stimulation,Conformity,-0.001292049887386515
orpo,Stimulation,Hedonism,-0.014973734967386854
orpo,Stimulation,Power,-0.00802566508079483
orpo,Stimulation,Security,0.0028498653050044397
orpo,Stimulation,Self_direction,-0.013160273201535252
orpo,Stimulation,Stimulation,-0.01147881916307251
orpo,Stimulation,Tradition,0.009286310321816482
orpo,Stimulation,Universalism,0.0005892628474949051
orpo,Tradition,Achievement,0.010789908327139752
orpo,Tradition,Benevolence,-0.006536454539037617
orpo,Tradition,Conformity,-0.0005037608145199344
orpo,Tradition,Hedonism,0.003551968482503387
orpo,Tradition,Power,-0.006740909972513458
orpo,Tradition,Security,0.012868939239886967
orpo,Tradition,Self_direction,0.006336796169302494
orpo,Tradition,Stimulation,0.005882169490485219
orpo,Tradition,Tradition,0.0038323649008766836
orpo,Tradition,Universalism,0.001084267594645601
orpo,Universalism,Achievement,-0.03438186724515226
orpo,Universalism,Benevolence,-0.0498601253660943
orpo,Universalism,Conformity,-0.04696448673252736
orpo,Universalism,Hedonism,-0.03401049038158366
orpo,Universalism,Power,-0.014170616536411274
orpo,Universalism,Security,-0.040144366195050504
orpo,Universalism,Self_direction,-0.035244820311831446
orpo,Universalism,Stimulation,-0.05086850575692736
orpo,Universalism,Tradition,-0.041349355050753656
orpo,Universalism,Universalism,-0.048833156082296734
sft,Achievement,Achievement,-0.5598345501951372
sft,Achievement,Benevolence,0.07700653143679795
sft,Achievement,Conformity,0.05466531312016425
sft,Achievement,Hedonism,0.010107361823155081
sft,Achievement,Power,0.18382143131814713
sft,Achievement,Security,0.232496459320914
sft,Achievement,Self_direction,0.09636685701301187
sft,Achievement,Stimulation,0.42152663575754595
sft,Achievement,Tradition,0.23887969124456498
sft,Achievement,Universalism,0.023100014586130646
sft,Benevolence,Achievement,0.09540525111474243
sft,Benevolence,Benevolence,-0.6025261408482634
sft,Benevolence,Conformity,-0.2974504220559944
sft,Benevolence,Hedonism,-0.045807818994160865
sft,Benevolence,Power,0.09110039220257353
sft,Benevolence,Security,0.07819903342605924
sft,Benevolence,Self_direction,0.2883971264660484
sft,Benevolence,Stimulation,0.5269931745717334
sft,Benevolence,Tradition,-0.07602613212550047
sft,Benevolence,Universalism,-0.14206128276323293
sft,Conformity,Achievement,0.028623546437444514
sft,Conformity,Benevolence,-0.30753482761966866
sft,Conformity,Conformity,-1.377775024444074
sft,Conformity,Hedonism,0.03788655081794934
sft,Conformity,Power,-0.03693669534411707
sft,Conformity,Security,-0.234140516721568
sft,Conformity,Self_direction,0.4159924648819722
sft,Conformity,Stimulation,0.6275168175153837
sft,Conformity,Tradition,0.006289136085272484
sft,Conformity,Universalism,-0.2048537431566167
sft,Hedonism,Achievement,0.26496296761228916
sft,Hedonism,Benevolence,0.18151285701550335
sft,Hedonism,Conformity,0.14931553380109092
sft,Hedonism,Hedonism,-0.29009656641144144
sft,Hedonism,Power,0.2913885041816307
sft,Hedonism,Security,0.187545664424066
sft,Hedonism,Self_direction,0.3292234094738645
sft,Hedonism,Stimulation,0.6956009572777854
sft,Hedonism,Tradition,0.2517824637361621
sft,Hedonism,Universalism,0.10765860736354355
sft,Power,Achievement,-0.529958997175331
sft,Power,Benevolence,-0.4158859189960532
sft,Power,Conformity,-0.014535790966527276
sft,Power,Hedonism,0.012393886181339298
sft,Power,Power,-1.3399337458371807
sft,Power,Security,-0.09329293774011724
sft,Power,Self_direction,0.21929449873969709
sft,Power,Stimulation,0.36101726228861386
sft,Power,Tradition,-0.16309993624835734
sft,Power,Universalism,-0.024638303908989873
sft,Security,Achievement,0.11105263891915093
sft,Security,Benevolence,-0.18333160589249586
sft,Security,Conformity,-0.0462449259971542
sft,Security,Hedonism,0.03689563203116064
sft,Security,Power,-0.10112833135205297
sft,Security,Security,-1.5623161866349082
sft,Security,Self_direction,0.2962852655747603
sft,Security,Stimulation,0.658753830739172
sft,Security,Tradition,-0.006583664160469294
sft,Security,Universalism,0.09663008791657014
sft,Self_direction,Achievement,0.008819866330452264
sft,Self_direction,Benevolence,-0.0015984225221963647
sft,Self_direction,Conformity,0.13271683913642207
sft,Self_direction,Hedonism,0.028734894192420146
sft,Self_direction,Power,-0.04611295366209763
sft,Self_direction,Security,0.11964067945620083
sft,Self_direction,Self_direction,0.10853385540551155
sft,Self_direction,Stimulation,0.6061251744186004
sft,Self_direction,Tradition,0.16184451320306203
sft,Self_direction,Universalism,0.08979562441072869
sft,Stimulation,Achievement,-0.2235037582593568
sft,Stimulation,Benevolence,-0.08249315684552125
sft,Stimulation,Conformity,0.061176800465966005
sft,Stimulation,Hedonism,0.02201490129438488
sft,Stimulation,Power,-0.0876842369114218
sft,Stimulation,Security,-0.0800947583242569
sft,Stimulation,Self_direction,-0.18553266273177266
sft,Stimulation,Stimulation,-1.394937903632331
sft,Stimulation,Tradition,-0.10821757726029263
sft,Stimulation,Universalism,0.01233599928806025
sft,Tradition,Achievement,0.16719557836237428
sft,Tradition,Benevolence,-0.12014724124795031
sft,Tradition,Conformity,0.11283805680125891
sft,Tradition,Hedonism,0.0385456864952447
sft,Tradition,Power,0.094444910275908
sft,Tradition,Security,-0.03433964175625374
sft,Tradition,Self_direction,0.15825963998730883
sft,Tradition,Stimulation,0.710405767233599
sft,Tradition,Tradition,-1.3607777263070893
sft,Tradition,Universalism,0.08052169219484487
sft,Universalism,Achievement,-0.44420511582232863
sft,Universalism,Benevolence,-0.8316952990447426
sft,Universalism,Conformity,-1.3225315230912735
sft,Universalism,Hedonism,-1.3554555628612652
sft,Universalism,Power,-0.5468538346529043
sft,Universalism,Security,-0.7064006245097206
sft,Universalism,Self_direction,-0.4196557822658591
sft,Universalism,Stimulation,-0.04395172365527378
sft,Universalism,Tradition,-0.5158510548366518
sft,Universalism,Universalism,-1.841572928130169
simpo,Achievement,Achievement,-0.004292070724199659
simpo,Achievement,Benevolence,-0.01062710787525647
simpo,Achievement,Conformity,-0.005517161188296704
simpo,Achievement,Hedonism,-0.012714102404202343
simpo,Achievement,Power,-0.015839111811903266
simpo,Achievement,Security,-0.014482453523838501
simpo,Achievement,Self_direction,-0.0005806515154144024
simpo,Achievement,Stimulation,-0.011864025927210106
simpo,Achievement,Tradition,-0.009484105251354014
simpo,Achievement,Universalism,-0.010359330665581293
simpo,Benevolence,Achievement,-0.026700609861840262
simpo,Benevolence,Benevolence,-0.03777986294830362
simpo,Benevolence,Conformity,-0.023371939460694935
simpo,Benevolence,Hedonism,0.005687966265529809
simpo,Benevolence,Power,-0.03490026094218013
simpo,Benevolence,Security,-0.04252751201701725
simpo,Benevolence,Self_direction,-0.02805487331108438
simpo,Benevolence,Stimulation,-0.0530929048577109
simpo,Benevolence,Tradition,-0.03660559647089223
simpo,Benevolence,Universalism,-0.021090908628052813
simpo,Conformity,Achievement,-0.02220018299625668
simpo,Conformity,Benevolence,-0.03326415860928156
simpo,Conformity,Conformity,-0.014976316903386707
simpo,Conformity,Hedonism,-0.01181192152292887
simpo,Conformity,Power,-0.03450274936000589
simpo,Conformity,Security,-0.015870143782439006
simpo,Conformity,Self_direction,-0.011671147191104885
simpo,Conformity,Stimulation,-0.03424529194850123
simpo,Conformity,Tradition,-0.028513429085536557
simpo,Conformity,Universalism,-0.009126213007763007
simpo,Hedonism,Achievement,0.007499295786342985
simpo,Hedonism,Benevolence,0.0006732980900718165
simpo,Hedonism,Conformity,-0.0031501860312009855
simpo,Hedonism,Hedonism,0.008413578401680333
simpo,Hedonism,Power,0.00698647980060015
simpo,Hedonism,Security,-0.0004473999690852936
simpo,Hedonism,Self_direction,0.010575044992728305
simpo,Hedonism,Stimulation,-0.008661776465240282
simpo,Hedonism,Tradition,-0.0018441033497025305
simpo,Hedonism,Universalism,0.01100095508557162
simpo,Power,Achievement,-0.006333776205293207
simpo,Power,Benevolence,-0.008454357120292477
simpo,Power,Conformity,0.0004747015579554814
simpo,Power,Hedonism,-0.007911595661828752
simpo,Power,Power,-0.007810066368997799
simpo,Power,Security,-0.011810584724955797
simpo,Power,Self_direction,-0.002393282953621364
simpo,Power,Stimulation,-0.02601542486193627
simpo,Power,Tradition,-0.011459042149636
simpo,Power,Universalism,0.007959689636313808
simpo,Security,Achievement,0.02102867775191557
simpo,Security,Benevolence,-0.002465124255814288
simpo,Security,Conformity,0.0037319981179958863
simpo,Security,Hedonism,0.010697275711536225
simpo,Security,Power,0.002172132470403524
simpo,Security,Security,0.0016425172122942477
simpo,Security,Self_direction,0.01862002048531025
simpo,Security,Stimulation,0.02175750608603577
simpo,Security,Tradition,0.003183061711410251
simpo,Security,Universalism,0.02238706671884072
simpo,Self_direction,Achievement,0.014907954442525106
simpo,Self_direction,Benevolence,0.0038530178925231025
simpo,Self_direction,Conformity,0.0077446128284788624
simpo,Self_direction,Hedonism,0.018528069847524087
simpo,Self_direction,Power,0.004555146078844663
simpo,Self_direction,Security,0.02269049594215773
simpo,Self_direction,Self_direction,0.017140885351713077
simpo,Self_direction,Stimulation,-0.02913737122987318
simpo,Self_direction,Tradition,0.014213879698919962
simpo,Self_direction,Universalism,0.02425458686452307
simpo,Stimulation,Achievement,-0.009175678192877613
simpo,Stimulation,Benevolence,-0.011576480554555402
simpo,Stimulation,Conformity,-0.0049131946704655816
simpo,Stimulation,Hedonism,-0.01184326837102212
simpo,Stimulation,Power,-0.014920541012170108
simpo,Stimulation,Security,-0.014278548842891415
simpo,Stimulation,Self_direction,-0.006905149302391463
simpo,Stimulation,Stimulation,-0.028206556255289044
simpo,Stimulation,Tradition,-0.003204735249569657
simpo,Stimulation,Universalism,0.0026609197714468715
simpo,Tradition,Achievement,0.010884598146328407
simpo,Tradition,Benevolence,-0.005544412069382609
simpo,Tradition,Conformity,-0.007547064650047397
simpo,Tradition,Hedonism,-0.004451709336156906
simpo,Tradition,Power,-0.0022319700402540685
simpo,Tradition,Security,0.0018887125057955425
simpo,Tradition,Self_direction,0.01019252271903017
simpo,Tradition,Stimulation,-0.0185475097929008
simpo,Tradition,Tradition,-0.016923002880740667
simpo,Tradition,Universalism,0.00793302662822552
simpo,Universalism,Achievement,-0.00974992020736667
simpo,Universalism,Benevolence,-0.031424664645184716
simpo,Universalism,Conformity,-0.04116426051353232
simpo,Universalism,Hedonism,-0.014155381917097642
simpo,Universalism,Power,-0.03195424280000162
simpo,Universalism,Security,-0.05080036360413302
simpo,Universalism,Self_direction,-0.02205190208989638
simpo,Universalism,Stimulation,-0.06244959334850705
simpo,Universalism,Tradition,-0.05414810991635122
simpo,Universalism,Universalism,-0.024656509054342173
