method,recorded_prepare_train_seconds,peak_training_allocated_GiB,observed_target_runs,target_drop,drift,selectivity,aita_primary,aita_strict,cost_coverage_complete,pareto_status
caa_attention,1043.6981071972755,5.56020450592041,10,0.17627792932246525,0.10050676568882062,0.07577116363364463,-0.026164564606454766,-0.013998198139850315,True,dominated
caa_residual,1018.629848705465,5.56020450592041,10,0.31199779837800556,0.2346670269228551,0.07733077145515042,-0.02674985749076203,-0.002681682082344365,True,dominated
dpo,891.3401877408381,8.84532117843628,10,4.123089808503941e-05,0.02194532213779132,-0.02190409123970628,0.007059542663823892,0.004163985903630011,True,dominated
hypo,892.6356910264585,8.845229625701904,10,0.008960076375807613,0.0214336193800228,-0.012473543004215187,0.004050718920577767,0.0026421073202467817,True,non_dominated
ipo,893.982342908578,8.844325542449951,10,0.014294894656657448,0.025217750663230183,-0.010922856006572737,0.004664814809489509,0.0025683561448469243,True,non_dominated
kto,452.9222017016262,15.023573398590088,10,0.0002461679003930228,0.019443935805743034,-0.01919776790535001,0.001847224088664333,0.00041874034958565027,True,non_dominated
orpo,263.8869880832732,15.022352695465088,10,0.014958370685160927,0.022325689943904443,-0.007367319258743515,0.001784554960709378,0.0012743745482035156,True,non_dominated
sft,576.8459527442232,9.956578254699707,10,1.0221236917035081,0.2796649428066501,0.7424587488968581,-0.015423647987593636,-0.0026104628414928776,True,non_dominated
simpo,603.1147891059984,14.967752933502197,10,0.010744740416957202,0.023550838953302844,-0.012806098536345645,0.0072279431717137315,0.004843873916537369,True,non_dominated
