method,target_drop [95% BB interval],drift [95% BB interval],selectivity [95% BB interval],aita_primary [95% BB interval],aita_strict [95% BB interval]
SFT,"1.0221 [0.8932, 1.1540]","0.2797 [0.2611, 0.3006]","0.7425 [0.6129, 0.8771]","-0.0154 [-0.0251, -0.0057]","-0.0026 [-0.0107, 0.0055]"
DPO,"0.0000 [-0.0041, 0.0043]","0.0219 [0.0202, 0.0238]","-0.0219 [-0.0264, -0.0174]","0.0071 [0.0042, 0.0103]","0.0042 [0.0015, 0.0068]"
HyPO,"0.0090 [0.0042, 0.0137]","0.0214 [0.0197, 0.0232]","-0.0125 [-0.0170, -0.0081]","0.0041 [0.0007, 0.0073]","0.0026 [0.0000, 0.0053]"
IPO,"0.0143 [0.0102, 0.0184]","0.0252 [0.0228, 0.0277]","-0.0109 [-0.0147, -0.0074]","0.0047 [0.0016, 0.0077]","0.0026 [-0.0002, 0.0051]"
SimPO,"0.0107 [0.0057, 0.0161]","0.0236 [0.0214, 0.0259]","-0.0128 [-0.0174, -0.0081]","0.0072 [0.0041, 0.0104]","0.0048 [0.0022, 0.0075]"
ORPO,"0.0150 [0.0111, 0.0189]","0.0223 [0.0206, 0.0241]","-0.0074 [-0.0109, -0.0038]","0.0018 [-0.0013, 0.0047]","0.0013 [-0.0019, 0.0043]"
KTO,"0.0002 [-0.0037, 0.0043]","0.0194 [0.0175, 0.0215]","-0.0192 [-0.0236, -0.0150]","0.0018 [-0.0010, 0.0047]","0.0004 [-0.0025, 0.0032]"
CAA-R,"0.3120 [0.2728, 0.3493]","0.2347 [0.2168, 0.2516]","0.0773 [0.0435, 0.1107]","-0.0267 [-0.0466, -0.0035]","-0.0027 [-0.0189, 0.0151]"
CAA-A,"0.1763 [0.1344, 0.2148]","0.1005 [0.0908, 0.1113]","0.0758 [0.0349, 0.1130]","-0.0262 [-0.0411, -0.0112]","-0.0140 [-0.0270, -0.0015]"
