method,target,seed,run_id,recorded_prepare_train_seconds,peak_training_allocated_GiB,trainable_parameters,nominal_tokens,registered_epochs,actual_epoch,optimizer_steps
sft,control,13,sft__control__seed13,581.1058612735942,9.966992378234863,161480704,98175,3,2.9206349206349205,69.0
sft,Self_direction,13,sft__Self_direction__seed13,576.5459651779383,9.956578254699707,161480704,98175,3,2.9206349206349205,69.0
sft,Stimulation,13,sft__Stimulation__seed13,576.4956647218205,9.948233127593994,161480704,98175,3,2.9206349206349205,69.0
sft,Hedonism,13,sft__Hedonism__seed13,575.5033255009912,9.928902626037598,161480704,98175,3,2.9206349206349205,69.0
sft,Achievement,13,sft__Achievement__seed13,576.7016406399198,9.932820320129395,161480704,98175,3,2.9206349206349205,69.0
sft,Power,13,sft__Power__seed13,574.7837124867365,9.93132495880127,161480704,98175,3,2.9206349206349205,69.0
sft,Security,13,sft__Security__seed13,575.5930847646669,9.931462287902832,161480704,98175,3,2.9206349206349205,69.0
sft,Conformity,13,sft__Conformity__seed13,575.8391452641226,9.932843208312988,161480704,98175,3,2.9206349206349205,69.0
sft,Tradition,13,sft__Tradition__seed13,575.7124188900925,9.93132495880127,161480704,98175,3,2.9206349206349205,69.0
sft,Benevolence,13,sft__Benevolence__seed13,577.5141872609966,9.931462287902832,161480704,98175,3,2.9206349206349205,69.0
sft,Universalism,13,sft__Universalism__seed13,583.7703827349469,9.932843208312988,161480704,98175,3,2.9206349206349205,69.0
dpo,control,13,dpo__control__seed13,891.1828818498179,8.842700481414795,161480704,211404,3,2.9206349206349205,69.0
dpo,Self_direction,13,dpo__Self_direction__seed13,891.595552852843,8.843909740447998,161480704,211404,3,2.9206349206349205,69.0
dpo,Stimulation,13,dpo__Stimulation__seed13,891.113206489943,8.84226942062378,161480704,211404,3,2.9206349206349205,69.0
dpo,Hedonism,13,dpo__Hedonism__seed13,893.5949726128019,8.84532117843628,161480704,211404,3,2.9206349206349205,69.0
dpo,Achievement,13,dpo__Achievement__seed13,891.0456961230375,8.841311931610107,161480704,211404,3,2.9206349206349205,69.0
dpo,Power,13,dpo__Power__seed13,891.171171897091,8.839847087860107,161480704,211404,3,2.9206349206349205,69.0
dpo,Security,13,dpo__Security__seed13,891.0142435529269,8.840213298797607,161480704,211404,3,2.9206349206349205,69.0
dpo,Conformity,13,dpo__Conformity__seed13,890.7012683716603,8.842578411102295,161480704,211404,3,2.9206349206349205,69.0
dpo,Tradition,13,dpo__Tradition__seed13,890.9724082089961,8.841556072235107,161480704,211404,3,2.9206349206349205,69.0
dpo,Benevolence,13,dpo__Benevolence__seed13,891.3411698960699,8.841979503631592,161480704,211404,3,2.9206349206349205,69.0
dpo,Universalism,13,dpo__Universalism__seed13,890.8521874030121,8.84032392501831,161480704,211404,3,2.9206349206349205,69.0
hypo,control,13,hypo__control__seed13,901.710787829943,8.841769695281982,161480704,211404,3,2.9206349206349205,69.0
hypo,Self_direction,13,hypo__Self_direction__seed13,892.4637270630337,8.843211650848389,161480704,211404,3,2.9206349206349205,69.0
hypo,Stimulation,13,hypo__Stimulation__seed13,892.4757324559614,8.841533184051514,161480704,211404,3,2.9206349206349205,69.0
hypo,Hedonism,13,hypo__Hedonism__seed13,892.119309166912,8.84209394454956,161480704,211404,3,2.9206349206349205,69.0
hypo,Achievement,13,hypo__Achievement__seed13,892.304452934768,8.843486309051514,161480704,211404,3,2.9206349206349205,69.0
hypo,Power,13,hypo__Power__seed13,892.8471408621408,8.843276500701904,161480704,211404,3,2.9206349206349205,69.0
hypo,Security,13,hypo__Security__seed13,892.8317001010291,8.84275770187378,161480704,211404,3,2.9206349206349205,69.0
hypo,Conformity,13,hypo__Conformity__seed13,892.9531145319343,8.842235088348389,161480704,211404,3,2.9206349206349205,69.0
hypo,Tradition,13,hypo__Tradition__seed13,892.7397537850775,8.843631267547607,161480704,211404,3,2.9206349206349205,69.0
hypo,Benevolence,13,hypo__Benevolence__seed13,892.7028577039018,8.839416027069092,161480704,211404,3,2.9206349206349205,69.0
hypo,Universalism,13,hypo__Universalism__seed13,892.9191216598265,8.845229625701904,161480704,211404,3,2.9206349206349205,69.0
ipo,control,13,ipo__control__seed13,891.9418489499949,8.842612743377686,161480704,211404,3,2.9206349206349205,69.0
ipo,Self_direction,13,ipo__Self_direction__seed13,909.9823803007603,8.842055797576904,161480704,211404,3,2.9206349206349205,69.0
ipo,Stimulation,13,ipo__Stimulation__seed13,892.035864115227,8.84227705001831,161480704,211404,3,2.9206349206349205,69.0
ipo,Hedonism,13,ipo__Hedonism__seed13,892.1520613441244,8.841136455535889,161480704,211404,3,2.9206349206349205,69.0
ipo,Achievement,13,ipo__Achievement__seed13,891.6845234041102,8.841411113739014,161480704,211404,3,2.9206349206349205,69.0
ipo,Power,13,ipo__Power__seed13,892.0326220099814,8.838897228240967,161480704,211404,3,2.9206349206349205,69.0
ipo,Security,13,ipo__Security__seed13,891.7159851901233,8.84264326095581,161480704,211404,3,2.9206349206349205,69.0
ipo,Conformity,13,ipo__Conformity__seed13,893.1284292726777,8.84312391281128,161480704,211404,3,2.9206349206349205,69.0
ipo,Tradition,13,ipo__Tradition__seed13,892.532728544902,8.841247081756592,161480704,211404,3,2.9206349206349205,69.0
ipo,Benevolence,13,ipo__Benevolence__seed13,892.2146513219923,8.844325542449951,161480704,211404,3,2.9206349206349205,69.0
ipo,Universalism,13,ipo__Universalism__seed13,892.3441835818812,8.841403484344482,161480704,211404,3,2.9206349206349205,69.0
simpo,control,13,simpo__control__seed13,638.8992087589577,8.843600749969482,161480704,211404,3,2.9206349206349205,69.0
simpo,Self_direction,13,simpo__Self_direction__seed13,638.8722994057462,8.841289043426514,161480704,211404,3,2.9206349206349205,69.0
simpo,Stimulation,13,simpo__Stimulation__seed13,638.3216618830338,8.842532634735107,161480704,211404,3,2.9206349206349205,69.0
simpo,Hedonism,13,simpo__Hedonism__seed13,638.5445810789242,8.842055797576904,161480704,211404,3,2.9206349206349205,69.0
simpo,Achievement,13,simpo__Achievement__seed13,638.6821974636987,8.843520641326904,161480704,211404,3,2.9206349206349205,69.0
simpo,Power,13,simpo__Power__seed13,638.3694018553942,8.843509197235107,161480704,211404,3,2.9206349206349205,69.0
simpo,Security,13,simpo__Security__seed13,639.6184379952028,8.842658519744873,161480704,211404,3,2.9206349206349205,69.0
simpo,Conformity,13,simpo__Conformity__seed13,659.6014037244022,8.84410047531128,161480704,211404,3,2.9206349206349205,69.0
simpo,Tradition,13,simpo__Tradition__seed13,637.968378404621,8.841594219207764,161480704,211404,3,2.9206349206349205,69.0
simpo,Benevolence,13,simpo__Benevolence__seed13,637.591368380934,8.841689586639404,161480704,211404,3,2.9206349206349205,69.0
simpo,Universalism,13,simpo__Universalism__seed13,263.5781608680263,14.967752933502197,161480704,211404,3,2.9206349206349205,69.0
orpo,control,13,orpo__control__seed13,265.01196694001555,15.019999027252197,161480704,211404,3,2.9206349206349205,69.0
orpo,Self_direction,13,orpo__Self_direction__seed13,266.7303782021627,15.0141282081604,161480704,211404,3,2.9206349206349205,69.0
orpo,Stimulation,13,orpo__Stimulation__seed13,264.077446189709,15.0210862159729,161480704,211404,3,2.9206349206349205,69.0
orpo,Hedonism,13,orpo__Hedonism__seed13,266.9471195265651,15.016958713531494,161480704,211404,3,2.9206349206349205,69.0
orpo,Achievement,13,orpo__Achievement__seed13,264.31381071172655,15.014288425445557,161480704,211404,3,2.9206349206349205,69.0
orpo,Power,13,orpo__Power__seed13,266.92335899639875,15.017824649810791,161480704,211404,3,2.9206349206349205,69.0
orpo,Security,13,orpo__Security__seed13,261.6925734365359,15.017164707183838,161480704,211404,3,2.9206349206349205,69.0
orpo,Conformity,13,orpo__Conformity__seed13,260.2177922297269,15.018057346343994,161480704,211404,3,2.9206349206349205,69.0
orpo,Tradition,13,orpo__Tradition__seed13,259.9595253933221,15.022352695465088,161480704,211404,3,2.9206349206349205,69.0
orpo,Benevolence,13,orpo__Benevolence__seed13,264.97071738820523,15.016260623931885,161480704,211404,3,2.9206349206349205,69.0
orpo,Universalism,13,orpo__Universalism__seed13,263.0371587583795,15.01857614517212,161480704,211404,3,2.9206349206349205,69.0
kto,control,13,kto__control__seed13,451.8691276749596,15.022741794586182,161480704,105822,3,2.9206349206349205,69.0
kto,Self_direction,13,kto__Self_direction__seed13,458.6288025090471,15.0166916847229,161480704,105822,3,2.9206349206349205,69.0
kto,Stimulation,13,kto__Stimulation__seed13,464.1259376993403,15.016970157623291,161480704,105822,3,2.9206349206349205,69.0
kto,Hedonism,13,kto__Hedonism__seed13,452.8059156658128,15.018568515777588,161480704,105822,3,2.9206349206349205,69.0
kto,Achievement,13,kto__Achievement__seed13,449.11985548678786,15.02071237564087,161480704,105822,3,2.9206349206349205,69.0
kto,Power,13,kto__Power__seed13,451.83746756240726,15.017679691314697,161480704,105822,3,2.9206349206349205,69.0
kto,Security,13,kto__Security__seed13,450.2696195039898,15.017160892486572,161480704,105822,3,2.9206349206349205,69.0
kto,Conformity,13,kto__Conformity__seed13,449.9718765243888,15.020372867584229,161480704,105822,3,2.9206349206349205,69.0
kto,Tradition,13,kto__Tradition__seed13,448.3200407186523,15.022562503814697,161480704,105822,3,2.9206349206349205,69.0
kto,Benevolence,13,kto__Benevolence__seed13,453.4513338152319,15.0184006690979,161480704,105822,3,2.9206349206349205,69.0
kto,Universalism,13,kto__Universalism__seed13,450.6911675306037,15.023573398590088,161480704,105822,3,2.9206349206349205,69.0
caa_residual,control,13,caa_residual__control__seed13,0.0,0.0,0,0,0,,
caa_residual,Self_direction,13,caa_residual__Self_direction__seed13,1058.262137658894,5.56020450592041,0,2507983,0,,
caa_residual,Stimulation,13,caa_residual__Stimulation__seed13,1055.6910775080323,5.56020450592041,0,2502838,0,,
caa_residual,Hedonism,13,caa_residual__Hedonism__seed13,1051.9195949421264,5.56020450592041,0,2500440,0,,
caa_residual,Achievement,13,caa_residual__Achievement__seed13,686.7317394451238,5.56020450592041,0,2505532,0,,
caa_residual,Power,13,caa_residual__Power__seed13,1053.3141958639026,5.56020450592041,0,2505884,0,,
caa_residual,Security,13,caa_residual__Security__seed13,1057.7038342058659,5.56020450592041,0,2508490,0,,
caa_residual,Conformity,13,caa_residual__Conformity__seed13,1055.466208967846,5.56020450592041,0,2505077,0,,
caa_residual,Tradition,13,caa_residual__Tradition__seed13,1052.4149183891714,5.56020450592041,0,2503872,0,,
caa_residual,Benevolence,13,caa_residual__Benevolence__seed13,1055.206947201863,5.56020450592041,0,2508466,0,,
caa_residual,Universalism,13,caa_residual__Universalism__seed13,1059.5878328718245,5.56020450592041,0,2512330,0,,
caa_attention,control,13,caa_attention__control__seed13,0.0,0.0,0,0,0,,
caa_attention,Self_direction,13,caa_attention__Self_direction__seed13,1046.4052609000355,5.56020450592041,0,2507983,0,,
caa_attention,Stimulation,13,caa_attention__Stimulation__seed13,1040.48258991912,5.56020450592041,0,2502838,0,,
caa_attention,Hedonism,13,caa_attention__Hedonism__seed13,1039.0749172540382,5.56020450592041,0,2500440,0,,
caa_attention,Achievement,13,caa_attention__Achievement__seed13,1042.4375863210298,5.56020450592041,0,2505532,0,,
caa_attention,Power,13,caa_attention__Power__seed13,1042.3864589249715,5.56020450592041,0,2505884,0,,
caa_attention,Security,13,caa_attention__Security__seed13,1044.9182978440076,5.56020450592041,0,2508490,0,,
caa_attention,Conformity,13,caa_attention__Conformity__seed13,1045.1211205977015,5.56020450592041,0,2505077,0,,
caa_attention,Tradition,13,caa_attention__Tradition__seed13,1042.8032049522735,5.56020450592041,0,2503872,0,,
caa_attention,Benevolence,13,caa_attention__Benevolence__seed13,1046.4898222559132,5.56020450592041,0,2508466,0,,
caa_attention,Universalism,13,caa_attention__Universalism__seed13,1046.861813003663,5.56020450592041,0,2512330,0,,
