method,target,metric,estimate,lower95,upper95,interval_type
sft,Self_direction,target_drop,-0.10853385540551155,-0.23512765101382035,0.027010493360100574,conditional_cluster_Bayesian_bootstrap_95pct
sft,Stimulation,target_drop,1.394937903632331,1.0259544914587615,1.8671056492315279,conditional_cluster_Bayesian_bootstrap_95pct
sft,Hedonism,target_drop,0.29009656641144144,0.24373275827825122,0.3370334863124856,conditional_cluster_Bayesian_bootstrap_95pct
sft,Achievement,target_drop,0.5598345501951371,0.2209928992051901,1.0172412439761636,conditional_cluster_Bayesian_bootstrap_95pct
sft,Power,target_drop,1.3399337458371807,0.8097201429108113,1.8736976396305094,conditional_cluster_Bayesian_bootstrap_95pct
sft,Security,target_drop,1.5623161866349082,0.9956050421042155,2.3078949918784057,conditional_cluster_Bayesian_bootstrap_95pct
sft,Conformity,target_drop,1.377775024444074,0.7107982438320358,1.9833041210363722,conditional_cluster_Bayesian_bootstrap_95pct
sft,Tradition,target_drop,1.3607777263070893,0.9596215888753681,1.6583683110175231,conditional_cluster_Bayesian_bootstrap_95pct
sft,Benevolence,target_drop,0.6025261408482634,0.4661049178549246,0.7834047064563974,conditional_cluster_Bayesian_bootstrap_95pct
sft,Universalism,target_drop,1.841572928130169,1.6583400109298136,2.05056101737934,conditional_cluster_Bayesian_bootstrap_95pct
dpo,Self_direction,target_drop,-0.014381431213733364,-0.023599032813754618,-0.005707784474197491,conditional_cluster_Bayesian_bootstrap_95pct
dpo,Stimulation,target_drop,-0.028974835195852904,-0.05286271870971548,-0.0014758658236102918,conditional_cluster_Bayesian_bootstrap_95pct
dpo,Hedonism,target_drop,0.009254187719551776,0.0005272918043089952,0.018088958439458888,conditional_cluster_Bayesian_bootstrap_95pct
dpo,Achievement,target_drop,0.013384659979201885,-0.0002332193523672966,0.02381489490429569,conditional_cluster_Bayesian_bootstrap_95pct
dpo,Power,target_drop,0.0037325343641844144,-0.00621161846520245,0.013924504919046817,conditional_cluster_Bayesian_bootstrap_95pct
dpo,Security,target_drop,-0.024469676579577836,-0.034692577339307924,-0.013973684460310274,conditional_cluster_Bayesian_bootstrap_95pct
dpo,Conformity,target_drop,0.018489697366412185,0.0052877766169705945,0.034130470109495145,conditional_cluster_Bayesian_bootstrap_95pct
dpo,Tradition,target_drop,-0.004532587777486108,-0.01618582003927383,0.006747517284812207,conditional_cluster_Bayesian_bootstrap_95pct
dpo,Benevolence,target_drop,0.01540958629520861,0.0019786029582585115,0.02643454377545827,conditional_cluster_Bayesian_bootstrap_95pct
dpo,Universalism,target_drop,0.012500174022941735,0.004318525363339165,0.022300256415206644,conditional_cluster_Bayesian_bootstrap_95pct
hypo,Self_direction,target_drop,-0.009287025858940515,-0.01718576142743919,-0.002415556215104246,conditional_cluster_Bayesian_bootstrap_95pct
hypo,Stimulation,target_drop,0.021180947561932967,-0.005185269294085433,0.044412961036459093,conditional_cluster_Bayesian_bootstrap_95pct
hypo,Hedonism,target_drop,-0.005079468501097306,-0.013299719993406572,0.0032423950687062854,conditional_cluster_Bayesian_bootstrap_95pct
hypo,Achievement,target_drop,0.008369011330866049,-0.006380687697011228,0.022161512677152845,conditional_cluster_Bayesian_bootstrap_95pct
hypo,Power,target_drop,0.023557063245198056,0.01311093145572677,0.03330316317240919,conditional_cluster_Bayesian_bootstrap_95pct
hypo,Security,target_drop,-0.011516176420383006,-0.03168198753818307,0.008578787166248993,conditional_cluster_Bayesian_bootstrap_95pct
hypo,Conformity,target_drop,0.011387447096772196,0.003168060357844993,0.023254751710485678,conditional_cluster_Bayesian_bootstrap_95pct
hypo,Tradition,target_drop,0.0028104209653800893,-0.012606957805217905,0.024783076083689525,conditional_cluster_Bayesian_bootstrap_95pct
hypo,Benevolence,target_drop,0.030065036907962715,0.015610352820364238,0.04531028730495967,conditional_cluster_Bayesian_bootstrap_95pct
hypo,Universalism,target_drop,0.018113507430384885,0.006234489427839005,0.03150164161197477,conditional_cluster_Bayesian_bootstrap_95pct
ipo,Self_direction,target_drop,-0.013272859191923485,-0.023432948037375365,-0.003777828249423436,conditional_cluster_Bayesian_bootstrap_95pct
ipo,Stimulation,target_drop,0.02424604834490518,0.0047415484614975615,0.04548457643561391,conditional_cluster_Bayesian_bootstrap_95pct
ipo,Hedonism,target_drop,-0.006522306349582951,-0.01144039708908204,-0.0015434221638232894,conditional_cluster_Bayesian_bootstrap_95pct
ipo,Achievement,target_drop,0.008090686653808054,-0.007027192686986071,0.018632609339836494,conditional_cluster_Bayesian_bootstrap_95pct
ipo,Power,target_drop,0.010932524162569254,0.003422763408260962,0.020028027430069695,conditional_cluster_Bayesian_bootstrap_95pct
ipo,Security,target_drop,-0.006957467096034287,-0.01855490973599107,0.0037995805704601504,conditional_cluster_Bayesian_bootstrap_95pct
ipo,Conformity,target_drop,0.026066766242215524,0.012122444841856735,0.045184938665043486,conditional_cluster_Bayesian_bootstrap_95pct
ipo,Tradition,target_drop,0.02819648910779682,0.023584201973928017,0.033267389586829156,conditional_cluster_Bayesian_bootstrap_95pct
ipo,Benevolence,target_drop,0.04577186643012008,0.026154937404340724,0.06350207295519575,conditional_cluster_Bayesian_bootstrap_95pct
ipo,Universalism,target_drop,0.02639719826270028,0.015996390520607664,0.0377652522071462,conditional_cluster_Bayesian_bootstrap_95pct
simpo,Self_direction,target_drop,-0.017140885351713077,-0.03335227502519635,-0.0009430628252529285,conditional_cluster_Bayesian_bootstrap_95pct
simpo,Stimulation,target_drop,0.028206556255289044,-0.001315110100125978,0.06560983277263277,conditional_cluster_Bayesian_bootstrap_95pct
simpo,Hedonism,target_drop,-0.008413578401680333,-0.01631062560764236,-0.0006129561570190706,conditional_cluster_Bayesian_bootstrap_95pct
simpo,Achievement,target_drop,0.004292070724199659,-0.006729437870657159,0.01338789574934602,conditional_cluster_Bayesian_bootstrap_95pct
simpo,Power,target_drop,0.007810066368997799,-0.009015852860082343,0.02517733377285891,conditional_cluster_Bayesian_bootstrap_95pct
simpo,Security,target_drop,-0.0016425172122942477,-0.013086701489976045,0.010851516941865761,conditional_cluster_Bayesian_bootstrap_95pct
simpo,Conformity,target_drop,0.014976316903386707,0.0070094110867816506,0.023165279477841885,conditional_cluster_Bayesian_bootstrap_95pct
simpo,Tradition,target_drop,0.016923002880740667,0.007763670142645498,0.025086221445135795,conditional_cluster_Bayesian_bootstrap_95pct
simpo,Benevolence,target_drop,0.03777986294830362,0.022124306223487912,0.05828504886820458,conditional_cluster_Bayesian_bootstrap_95pct
simpo,Universalism,target_drop,0.024656509054342173,0.01388378419354444,0.037406211052093984,conditional_cluster_Bayesian_bootstrap_95pct
orpo,Self_direction,target_drop,-0.0024448844250579875,-0.016236159098674548,0.012368189643600484,conditional_cluster_Bayesian_bootstrap_95pct
orpo,Stimulation,target_drop,0.01147881916307251,-0.0014487740261450355,0.027066445717758937,conditional_cluster_Bayesian_bootstrap_95pct
orpo,Hedonism,target_drop,0.01823854406938752,0.0010741169991471716,0.03561514385663521,conditional_cluster_Bayesian_bootstrap_95pct
orpo,Achievement,target_drop,0.012867540295407398,0.0007577162299079866,0.02303917360843259,conditional_cluster_Bayesian_bootstrap_95pct
orpo,Power,target_drop,0.0019366845534517507,-0.004291415209820431,0.008712713815426066,conditional_cluster_Bayesian_bootstrap_95pct
orpo,Security,target_drop,0.005970854119694025,-0.0020024139956989736,0.014088763234728293,conditional_cluster_Bayesian_bootstrap_95pct
orpo,Conformity,target_drop,0.013387489412015025,0.005884771149106878,0.022904799599493673,conditional_cluster_Bayesian_bootstrap_95pct
orpo,Tradition,target_drop,-0.0038323649008766836,-0.01657403045749008,0.009558856804497386,conditional_cluster_Bayesian_bootstrap_95pct
orpo,Benevolence,target_drop,0.043147868482218986,0.030288417133588378,0.0552584077065966,conditional_cluster_Bayesian_bootstrap_95pct
orpo,Universalism,target_drop,0.04883315608229673,0.03958203731616574,0.058523030591439394,conditional_cluster_Bayesian_bootstrap_95pct
kto,Self_direction,target_drop,0.0015581998656861162,-0.012227193310843673,0.013667804020074373,conditional_cluster_Bayesian_bootstrap_95pct
kto,Stimulation,target_drop,0.007494067879460904,-0.004551854063422358,0.019354436390404177,conditional_cluster_Bayesian_bootstrap_95pct
kto,Hedonism,target_drop,-0.005798055036925209,-0.01104240940955398,-0.0006177355692728763,conditional_cluster_Bayesian_bootstrap_95pct
kto,Achievement,target_drop,0.006247767208667687,-0.004390935476158574,0.019797754799610802,conditional_cluster_Bayesian_bootstrap_95pct
kto,Power,target_drop,-0.02565113504302678,-0.038451416985495285,-0.014155625708034848,conditional_cluster_Bayesian_bootstrap_95pct
kto,Security,target_drop,0.0017206819557373798,-0.01129728448109811,0.015643609070432586,conditional_cluster_Bayesian_bootstrap_95pct
kto,Conformity,target_drop,-0.002762343185642761,-0.00941046055348037,0.006374796991212716,conditional_cluster_Bayesian_bootstrap_95pct
kto,Tradition,target_drop,-0.0016530222112955961,-0.021144046604698458,0.017074051949647135,conditional_cluster_Bayesian_bootstrap_95pct
kto,Benevolence,target_drop,0.014826020489700697,0.003629467434465379,0.02667278595914762,conditional_cluster_Bayesian_bootstrap_95pct
kto,Universalism,target_drop,0.00647949708156779,-0.005786796738860226,0.017491017383347775,conditional_cluster_Bayesian_bootstrap_95pct
caa_residual,Self_direction,target_drop,0.07568503153698822,0.016988053373061574,0.14160042037329532,conditional_cluster_Bayesian_bootstrap_95pct
caa_residual,Stimulation,target_drop,0.6421011410371348,0.47777308579523725,0.7619595776499951,conditional_cluster_Bayesian_bootstrap_95pct
caa_residual,Hedonism,target_drop,-0.014337042842595071,-0.01534508477031873,-0.013341309364008817,conditional_cluster_Bayesian_bootstrap_95pct
caa_residual,Achievement,target_drop,0.6198905677155786,0.4257708661571829,0.8160413227554194,conditional_cluster_Bayesian_bootstrap_95pct
caa_residual,Power,target_drop,0.05035027765425826,0.026923933585714065,0.07371222432576255,conditional_cluster_Bayesian_bootstrap_95pct
caa_residual,Security,target_drop,0.07737231112894331,0.040782945024734944,0.1188668135472942,conditional_cluster_Bayesian_bootstrap_95pct
caa_residual,Conformity,target_drop,0.6964230726139631,0.4488375689166762,0.9127815904157323,conditional_cluster_Bayesian_bootstrap_95pct
caa_residual,Tradition,target_drop,-0.004587934245926184,-0.02887017590212356,0.020307816404641795,conditional_cluster_Bayesian_bootstrap_95pct
caa_residual,Benevolence,target_drop,0.307770906261589,0.26374820310156655,0.3533252930331046,conditional_cluster_Bayesian_bootstrap_95pct
caa_residual,Universalism,target_drop,0.6693096529201216,0.5308533154504388,0.8260308281905895,conditional_cluster_Bayesian_bootstrap_95pct
caa_attention,Self_direction,target_drop,0.20604326993211536,0.0931779700073634,0.336943078857543,conditional_cluster_Bayesian_bootstrap_95pct
caa_attention,Stimulation,target_drop,0.7710552310177042,0.4403903753915914,0.9973748147473775,conditional_cluster_Bayesian_bootstrap_95pct
caa_attention,Hedonism,target_drop,0.06694587308168876,0.014489484486555822,0.12005068497968387,conditional_cluster_Bayesian_bootstrap_95pct
caa_attention,Achievement,target_drop,0.321059249225288,0.20655140803683786,0.4704005131040981,conditional_cluster_Bayesian_bootstrap_95pct
caa_attention,Power,target_drop,0.13619057377555008,0.07377783566985581,0.19713289664332742,conditional_cluster_Bayesian_bootstrap_95pct
caa_attention,Security,target_drop,0.224557284697815,0.07821801422081587,0.43370456177733424,conditional_cluster_Bayesian_bootstrap_95pct
caa_attention,Conformity,target_drop,0.04733163257530563,-0.011352950536945208,0.10383296539165186,conditional_cluster_Bayesian_bootstrap_95pct
caa_attention,Tradition,target_drop,-0.020544269926245473,-0.02949778132283862,-0.009704787272753338,conditional_cluster_Bayesian_bootstrap_95pct
caa_attention,Benevolence,target_drop,0.013720036124537404,-0.01614589683343563,0.041630369660055455,conditional_cluster_Bayesian_bootstrap_95pct
caa_attention,Universalism,target_drop,-0.0035795872791064736,-0.00963080864331578,0.0026366104402089936,conditional_cluster_Bayesian_bootstrap_95pct
sft,Self_direction,drift,0.16728519417385004,0.14156552954108056,0.1956665246429302,conditional_cluster_Bayesian_bootstrap_95pct
sft,Stimulation,drift,0.15836070838103827,0.1283740499602065,0.1961635530115716,conditional_cluster_Bayesian_bootstrap_95pct
sft,Hedonism,drift,0.23646752352734945,0.20410206154458677,0.2706065178179373,conditional_cluster_Bayesian_bootstrap_95pct
sft,Achievement,drift,0.19358841579143996,0.16066593378952154,0.22925098121324988,conditional_cluster_Bayesian_bootstrap_95pct
sft,Power,drift,0.21984406842098692,0.16623719818435803,0.2904785636944768,conditional_cluster_Bayesian_bootstrap_95pct
sft,Security,drift,0.24608446333797918,0.20349286012532974,0.2932566057482958,conditional_cluster_Bayesian_bootstrap_95pct
sft,Conformity,drift,0.369857795840924,0.30982409013506534,0.4338844476549933,conditional_cluster_Bayesian_bootstrap_95pct
sft,Tradition,drift,0.20468351144840247,0.17014518207533433,0.24385119520533324,conditional_cluster_Bayesian_bootstrap_95pct
sft,Benevolence,drift,0.2497779100651439,0.21634703249895668,0.2858002553946467,conditional_cluster_Bayesian_bootstrap_95pct
sft,Universalism,drift,0.7506998370793869,0.6546788273165887,0.8509986386988764,conditional_cluster_Bayesian_bootstrap_95pct
dpo,Self_direction,drift,0.01919707819858091,0.016312978995262364,0.02226271477897826,conditional_cluster_Bayesian_bootstrap_95pct
dpo,Stimulation,drift,0.02117512968235301,0.018359840467960995,0.024267224235381475,conditional_cluster_Bayesian_bootstrap_95pct
dpo,Hedonism,drift,0.02253396268217576,0.019018322039697055,0.02616119594738486,conditional_cluster_Bayesian_bootstrap_95pct
dpo,Achievement,drift,0.021123175687306924,0.018314845881035307,0.024196382111908495,conditional_cluster_Bayesian_bootstrap_95pct
dpo,Power,drift,0.020659896943283063,0.01691510439601924,0.02470076919654898,conditional_cluster_Bayesian_bootstrap_95pct
dpo,Security,drift,0.025101718144636506,0.021655310592214063,0.02865821047348097,conditional_cluster_Bayesian_bootstrap_95pct
dpo,Conformity,drift,0.02158120447160646,0.01852230087060556,0.02487589885924093,conditional_cluster_Bayesian_bootstrap_95pct
dpo,Tradition,drift,0.01888358011165667,0.015823684498360725,0.02215345054768165,conditional_cluster_Bayesian_bootstrap_95pct
dpo,Benevolence,drift,0.027878826177468438,0.023898634128123354,0.03207983214604571,conditional_cluster_Bayesian_bootstrap_95pct
dpo,Universalism,drift,0.021318649278845452,0.017878874267663304,0.024935239076299725,conditional_cluster_Bayesian_bootstrap_95pct
hypo,Self_direction,drift,0.02172311683676885,0.01855741924550383,0.025100550965075727,conditional_cluster_Bayesian_bootstrap_95pct
hypo,Stimulation,drift,0.017068822527485414,0.014609428014713412,0.01967315491278428,conditional_cluster_Bayesian_bootstrap_95pct
hypo,Hedonism,drift,0.021286449077992643,0.018722236650305236,0.024122405656383416,conditional_cluster_Bayesian_bootstrap_95pct
hypo,Achievement,drift,0.01696476823199724,0.014073737180392454,0.020099529832152272,conditional_cluster_Bayesian_bootstrap_95pct
hypo,Power,drift,0.01992136204471151,0.016383113390224836,0.023676747873874374,conditional_cluster_Bayesian_bootstrap_95pct
hypo,Security,drift,0.01814307498814049,0.015386122748014706,0.021169604938201737,conditional_cluster_Bayesian_bootstrap_95pct
hypo,Conformity,drift,0.021178860893382345,0.018940508263267763,0.023534625509632846,conditional_cluster_Bayesian_bootstrap_95pct
hypo,Tradition,drift,0.014852362712721088,0.012606865688931062,0.01736512756396689,conditional_cluster_Bayesian_bootstrap_95pct
hypo,Benevolence,drift,0.040156792381501126,0.034192910558089866,0.046487542876320176,conditional_cluster_Bayesian_bootstrap_95pct
hypo,Universalism,drift,0.023040584105527305,0.01922096114221663,0.027429965742122687,conditional_cluster_Bayesian_bootstrap_95pct
ipo,Self_direction,drift,0.01856025549504543,0.015881607563151892,0.021547425146990436,conditional_cluster_Bayesian_bootstrap_95pct
ipo,Stimulation,drift,0.018061663172511146,0.015433986976114296,0.020986185487717978,conditional_cluster_Bayesian_bootstrap_95pct
ipo,Hedonism,drift,0.01572881914279129,0.013597132539592726,0.018044129667155726,conditional_cluster_Bayesian_bootstrap_95pct
ipo,Achievement,drift,0.013669174302169249,0.011305330120093486,0.01626436970104662,conditional_cluster_Bayesian_bootstrap_95pct
ipo,Power,drift,0.01731420560319062,0.014656267304359453,0.020150070713150742,conditional_cluster_Bayesian_bootstrap_95pct
ipo,Security,drift,0.01816165232712067,0.01539591264653273,0.021219819760775447,conditional_cluster_Bayesian_bootstrap_95pct
ipo,Conformity,drift,0.02778618196384934,0.023136694914225535,0.03275491535679567,conditional_cluster_Bayesian_bootstrap_95pct
ipo,Tradition,drift,0.026759197630516037,0.02221208945975733,0.03149491322068746,conditional_cluster_Bayesian_bootstrap_95pct
ipo,Benevolence,drift,0.04695306005271464,0.041291785145039756,0.052688348615175774,conditional_cluster_Bayesian_bootstrap_95pct
ipo,Universalism,drift,0.04918329694239342,0.041802550297184625,0.05701000541647467,conditional_cluster_Bayesian_bootstrap_95pct
simpo,Self_direction,drift,0.02628025658843052,0.02284882611355395,0.029808955277807615,conditional_cluster_Bayesian_bootstrap_95pct
simpo,Stimulation,drift,0.01767849037971597,0.015281358100271562,0.020322236112476685,conditional_cluster_Bayesian_bootstrap_95pct
simpo,Hedonism,drift,0.017351116578679906,0.01513112710312668,0.01977676778831899,conditional_cluster_Bayesian_bootstrap_95pct
simpo,Achievement,drift,0.0176491480553238,0.014581880476516498,0.020945985486450075,conditional_cluster_Bayesian_bootstrap_95pct
simpo,Power,drift,0.01859717953524538,0.015229028957797304,0.022339273085679314,conditional_cluster_Bayesian_bootstrap_95pct
simpo,Security,drift,0.021787059390281735,0.018694859192365947,0.025094196746736783,conditional_cluster_Bayesian_bootstrap_95pct
simpo,Conformity,drift,0.02545479261610377,0.021847304762677492,0.029270527407305045,conditional_cluster_Bayesian_bootstrap_95pct
simpo,Tradition,drift,0.018570958244621613,0.01570457686319194,0.021449879010040054,conditional_cluster_Bayesian_bootstrap_95pct
simpo,Benevolence,drift,0.03170631456085962,0.027291592202717097,0.0365213924785117,conditional_cluster_Bayesian_bootstrap_95pct
simpo,Universalism,drift,0.040433073583766126,0.033968986779839845,0.047717713429761895,conditional_cluster_Bayesian_bootstrap_95pct
orpo,Self_direction,drift,0.0187214454442052,0.01621378248946316,0.02140022558169826,conditional_cluster_Bayesian_bootstrap_95pct
orpo,Stimulation,drift,0.016770491768123976,0.014545816860567756,0.01914619639624287,conditional_cluster_Bayesian_bootstrap_95pct
orpo,Hedonism,drift,0.020262030888645984,0.017617575642746148,0.023072296905889494,conditional_cluster_Bayesian_bootstrap_95pct
orpo,Achievement,drift,0.018770086644286726,0.01599733593262659,0.02172954671864333,conditional_cluster_Bayesian_bootstrap_95pct
orpo,Power,drift,0.02008124275028686,0.01678345887201162,0.023568025120629825,conditional_cluster_Bayesian_bootstrap_95pct
orpo,Security,drift,0.018581139739268063,0.016058840404325172,0.021233721202667102,conditional_cluster_Bayesian_bootstrap_95pct
orpo,Conformity,drift,0.02079810654669516,0.01788577917267303,0.023902553498900494,conditional_cluster_Bayesian_bootstrap_95pct
orpo,Tradition,drift,0.017644226687809142,0.015048808687940125,0.02027117789069776,conditional_cluster_Bayesian_bootstrap_95pct
orpo,Benevolence,drift,0.032268124623649794,0.028177141161671422,0.03664759970722206,conditional_cluster_Bayesian_bootstrap_95pct
orpo,Universalism,drift,0.039360004346073535,0.03502810089268526,0.04390137856619997,conditional_cluster_Bayesian_bootstrap_95pct
kto,Self_direction,drift,0.01853765279778794,0.015580353782693034,0.021778297813183564,conditional_cluster_Bayesian_bootstrap_95pct
kto,Stimulation,drift,0.015766818594329126,0.013309490569879602,0.018462853276601257,conditional_cluster_Bayesian_bootstrap_95pct
kto,Hedonism,drift,0.01738114389282104,0.014545436779763976,0.02046398699574108,conditional_cluster_Bayesian_bootstrap_95pct
kto,Achievement,drift,0.020921786813136632,0.0179069718085436,0.02405354624195169,conditional_cluster_Bayesian_bootstrap_95pct
kto,Power,drift,0.025342608532981068,0.02129766742126625,0.02977577413537491,conditional_cluster_Bayesian_bootstrap_95pct
kto,Security,drift,0.016015094960883006,0.013351938945157517,0.01888399716071358,conditional_cluster_Bayesian_bootstrap_95pct
kto,Conformity,drift,0.020212760971664294,0.017228686711802266,0.02355814586704526,conditional_cluster_Bayesian_bootstrap_95pct
kto,Tradition,drift,0.017116451289295773,0.014117704327825352,0.020360879877816252,conditional_cluster_Bayesian_bootstrap_95pct
kto,Benevolence,drift,0.017388261434320068,0.01465583380135713,0.020417556134654673,conditional_cluster_Bayesian_bootstrap_95pct
kto,Universalism,drift,0.0257567787702114,0.02147666904817185,0.030577945742808133,conditional_cluster_Bayesian_bootstrap_95pct
caa_residual,Self_direction,drift,0.11880474309177617,0.10019877852339087,0.1389993936441067,conditional_cluster_Bayesian_bootstrap_95pct
caa_residual,Stimulation,drift,0.2621284764753396,0.23582189829514486,0.2882782066572583,conditional_cluster_Bayesian_bootstrap_95pct
caa_residual,Hedonism,drift,0.0765722053938848,0.06213635026739095,0.09227318013491032,conditional_cluster_Bayesian_bootstrap_95pct
caa_residual,Achievement,drift,0.6001284936352179,0.5484956296608998,0.6504994260719648,conditional_cluster_Bayesian_bootstrap_95pct
caa_residual,Power,drift,0.0475187677158884,0.0410064561343412,0.054707053201263935,conditional_cluster_Bayesian_bootstrap_95pct
caa_residual,Security,drift,0.060361033353203114,0.05097666761968588,0.06994581637768242,conditional_cluster_Bayesian_bootstrap_95pct
caa_residual,Conformity,drift,0.4599434886605608,0.40876791592474043,0.5116339803302747,conditional_cluster_Bayesian_bootstrap_95pct
caa_residual,Tradition,drift,0.0677557950324948,0.05724118795832766,0.07892323515027837,conditional_cluster_Bayesian_bootstrap_95pct
caa_residual,Benevolence,drift,0.25293911038240874,0.2287983661680327,0.2771489644450466,conditional_cluster_Bayesian_bootstrap_95pct
caa_residual,Universalism,drift,0.40051815548777703,0.35171785573996894,0.4484184989408877,conditional_cluster_Bayesian_bootstrap_95pct
caa_attention,Self_direction,drift,0.077564252870126,0.06657607241429556,0.08909804076415516,conditional_cluster_Bayesian_bootstrap_95pct
caa_attention,Stimulation,drift,0.1990103778680591,0.16745172265686023,0.23155612504183998,conditional_cluster_Bayesian_bootstrap_95pct
caa_attention,Hedonism,drift,0.1533941868862467,0.13241693279665936,0.1765057456011194,conditional_cluster_Bayesian_bootstrap_95pct
caa_attention,Achievement,drift,0.15144833698585336,0.13236737879837324,0.17168397366462898,conditional_cluster_Bayesian_bootstrap_95pct
caa_attention,Power,drift,0.08365448383303882,0.06921188948657221,0.10029842692758265,conditional_cluster_Bayesian_bootstrap_95pct
caa_attention,Security,drift,0.1390421068719395,0.11746893088750555,0.16093455191525188,conditional_cluster_Bayesian_bootstrap_95pct
caa_attention,Conformity,drift,0.12308500169349296,0.09834407669715496,0.1534065873560081,conditional_cluster_Bayesian_bootstrap_95pct
caa_attention,Tradition,drift,0.0194397309339241,0.016754204668294574,0.0223545004864588,conditional_cluster_Bayesian_bootstrap_95pct
caa_attention,Benevolence,drift,0.04414049695738308,0.036010723364841235,0.05300890960074834,conditional_cluster_Bayesian_bootstrap_95pct
caa_attention,Universalism,drift,0.014288681988142567,0.011772342716565716,0.0170698214740194,conditional_cluster_Bayesian_bootstrap_95pct
sft,Self_direction,selectivity,-0.2758190495793616,-0.4045095542348642,-0.13749001060733343,conditional_cluster_Bayesian_bootstrap_95pct
sft,Stimulation,selectivity,1.2365771952512927,0.8649907719384071,1.7092624520230448,conditional_cluster_Bayesian_bootstrap_95pct
sft,Hedonism,selectivity,0.05362904288409198,-0.006922677397454082,0.11438592665154401,conditional_cluster_Bayesian_bootstrap_95pct
sft,Achievement,selectivity,0.36624613440369713,0.025294050951335023,0.8246168116382329,conditional_cluster_Bayesian_bootstrap_95pct
sft,Power,selectivity,1.120089677416194,0.5888945528523064,1.6592215706703353,conditional_cluster_Bayesian_bootstrap_95pct
sft,Security,selectivity,1.3162317232969292,0.7452947586064528,2.060326844888525,conditional_cluster_Bayesian_bootstrap_95pct
sft,Conformity,selectivity,1.0079172286031501,0.33486507805972776,1.6171085228265616,conditional_cluster_Bayesian_bootstrap_95pct
sft,Tradition,selectivity,1.1560942148586868,0.7573409272394853,1.4566866849942695,conditional_cluster_Bayesian_bootstrap_95pct
sft,Benevolence,selectivity,0.35274823078311945,0.21171624678811038,0.535018474086891,conditional_cluster_Bayesian_bootstrap_95pct
sft,Universalism,selectivity,1.090873091050782,0.8803264808236558,1.3174294001297588,conditional_cluster_Bayesian_bootstrap_95pct
dpo,Self_direction,selectivity,-0.03357850941231427,-0.04330124518133101,-0.02437865500407335,conditional_cluster_Bayesian_bootstrap_95pct
dpo,Stimulation,selectivity,-0.050149964878205916,-0.07440991647317623,-0.022547197523148658,conditional_cluster_Bayesian_bootstrap_95pct
dpo,Hedonism,selectivity,-0.013279774962623985,-0.02295480747870755,-0.003423997528821226,conditional_cluster_Bayesian_bootstrap_95pct
dpo,Achievement,selectivity,-0.0077385157081050395,-0.021666859202666828,0.0031507552262657968,conditional_cluster_Bayesian_bootstrap_95pct
dpo,Power,selectivity,-0.01692736257909865,-0.02770110225133152,-0.005940596350514268,conditional_cluster_Bayesian_bootstrap_95pct
dpo,Security,selectivity,-0.049571394724214346,-0.0602254555665691,-0.038675219446443344,conditional_cluster_Bayesian_bootstrap_95pct
dpo,Conformity,selectivity,-0.0030915071051942737,-0.01668439909405584,0.012681626321534807,conditional_cluster_Bayesian_bootstrap_95pct
dpo,Tradition,selectivity,-0.02341616788914278,-0.03570090818023247,-0.011710173119536357,conditional_cluster_Bayesian_bootstrap_95pct
dpo,Benevolence,selectivity,-0.012469239882259828,-0.026270012877828722,-0.0004398961374027066,conditional_cluster_Bayesian_bootstrap_95pct
dpo,Universalism,selectivity,-0.008818475255903718,-0.01789026997755782,0.001384148257202137,conditional_cluster_Bayesian_bootstrap_95pct
hypo,Self_direction,selectivity,-0.031010142695709363,-0.0396113884952443,-0.023408712651681776,conditional_cluster_Bayesian_bootstrap_95pct
hypo,Stimulation,selectivity,0.004112125034447554,-0.02204453148131301,0.0272288413036842,conditional_cluster_Bayesian_bootstrap_95pct
hypo,Hedonism,selectivity,-0.02636591757908995,-0.035233793310852725,-0.01736234835992586,conditional_cluster_Bayesian_bootstrap_95pct
hypo,Achievement,selectivity,-0.00859575690113119,-0.023847904079939884,0.005668691404242159,conditional_cluster_Bayesian_bootstrap_95pct
hypo,Power,selectivity,0.0036357012004865456,-0.007471711961854156,0.014149594047058405,conditional_cluster_Bayesian_bootstrap_95pct
hypo,Security,selectivity,-0.029659251408523497,-0.05005387248571206,-0.009481864228601799,conditional_cluster_Bayesian_bootstrap_95pct
hypo,Conformity,selectivity,-0.009791413796610148,-0.018357162861269424,0.0021408763562169066,conditional_cluster_Bayesian_bootstrap_95pct
hypo,Tradition,selectivity,-0.012041941747340999,-0.02774715811263237,0.009605046533092671,conditional_cluster_Bayesian_bootstrap_95pct
hypo,Benevolence,selectivity,-0.01009175547353841,-0.025640149953871608,0.006322134703815525,conditional_cluster_Bayesian_bootstrap_95pct
hypo,Universalism,selectivity,-0.00492707667514242,-0.017643073044543236,0.008873987872702615,conditional_cluster_Bayesian_bootstrap_95pct
ipo,Self_direction,selectivity,-0.031833114686968915,-0.042211747048150554,-0.02199810136497745,conditional_cluster_Bayesian_bootstrap_95pct
ipo,Stimulation,selectivity,0.006184385172394034,-0.01366332385952827,0.027495787227687227,conditional_cluster_Bayesian_bootstrap_95pct
ipo,Hedonism,selectivity,-0.022251125492374242,-0.027855308911565946,-0.016506989611089304,conditional_cluster_Bayesian_bootstrap_95pct
ipo,Achievement,selectivity,-0.005578487648361195,-0.02105039026420784,0.00539676526000853,conditional_cluster_Bayesian_bootstrap_95pct
ipo,Power,selectivity,-0.006381681440621368,-0.01445633501094334,0.0030718353522310817,conditional_cluster_Bayesian_bootstrap_95pct
ipo,Security,selectivity,-0.025119119423154958,-0.03713372798092127,-0.013852141140367546,conditional_cluster_Bayesian_bootstrap_95pct
ipo,Conformity,selectivity,-0.0017194157216338171,-0.01660715342589399,0.01792892223457063,conditional_cluster_Bayesian_bootstrap_95pct
ipo,Tradition,selectivity,0.0014372914772807811,-0.005202954809742834,0.008282664866652455,conditional_cluster_Bayesian_bootstrap_95pct
ipo,Benevolence,selectivity,-0.0011811936225945632,-0.021657119493967612,0.017632120200841074,conditional_cluster_Bayesian_bootstrap_95pct
ipo,Universalism,selectivity,-0.022786098679693143,-0.03626427807949647,-0.009484472704574368,conditional_cluster_Bayesian_bootstrap_95pct
simpo,Self_direction,selectivity,-0.0434211419401436,-0.06004315537825625,-0.02673975534076079,conditional_cluster_Bayesian_bootstrap_95pct
simpo,Stimulation,selectivity,0.010528065875573075,-0.019187786499951114,0.04786613022540165,conditional_cluster_Bayesian_bootstrap_95pct
simpo,Hedonism,selectivity,-0.02576469498036024,-0.03422955173648369,-0.017482187995899325,conditional_cluster_Bayesian_bootstrap_95pct
simpo,Achievement,selectivity,-0.013357077331124142,-0.024825189616398586,-0.0036224421913233764,conditional_cluster_Bayesian_bootstrap_95pct
simpo,Power,selectivity,-0.010787113166247583,-0.027808116847351082,0.007084929000441095,conditional_cluster_Bayesian_bootstrap_95pct
simpo,Security,selectivity,-0.023429576602575983,-0.03545681100711403,-0.010459556502358937,conditional_cluster_Bayesian_bootstrap_95pct
simpo,Conformity,selectivity,-0.010478475712717062,-0.019345230533534218,-0.0013872022745196216,conditional_cluster_Bayesian_bootstrap_95pct
simpo,Tradition,selectivity,-0.0016479553638809458,-0.011348145949212456,0.007014618590818746,conditional_cluster_Bayesian_bootstrap_95pct
simpo,Benevolence,selectivity,0.0060735483874439986,-0.01016455683285171,0.027080870277738017,conditional_cluster_Bayesian_bootstrap_95pct
simpo,Universalism,selectivity,-0.015776564529423952,-0.02883408962539883,-0.0016117627001342191,conditional_cluster_Bayesian_bootstrap_95pct
orpo,Self_direction,selectivity,-0.021166329869263187,-0.03527147485644004,-0.006159664326285799,conditional_cluster_Bayesian_bootstrap_95pct
orpo,Stimulation,selectivity,-0.005291672605051466,-0.01852071669591623,0.010446445545458559,conditional_cluster_Bayesian_bootstrap_95pct
orpo,Hedonism,selectivity,-0.0020234868192584646,-0.01944819561959001,0.015548098299659047,conditional_cluster_Bayesian_bootstrap_95pct
orpo,Achievement,selectivity,-0.005902546348879328,-0.01815478440641241,0.004732273573828619,conditional_cluster_Bayesian_bootstrap_95pct
orpo,Power,selectivity,-0.01814455819683511,-0.025366010548053736,-0.01059328041283252,conditional_cluster_Bayesian_bootstrap_95pct
orpo,Security,selectivity,-0.012610285619574038,-0.02090656281298537,-0.004060947292508673,conditional_cluster_Bayesian_bootstrap_95pct
orpo,Conformity,selectivity,-0.007410617134680136,-0.015557193853901571,0.002430876771881961,conditional_cluster_Bayesian_bootstrap_95pct
orpo,Tradition,selectivity,-0.021476591588685826,-0.034644924692543516,-0.007678371503867065,conditional_cluster_Bayesian_bootstrap_95pct
orpo,Benevolence,selectivity,0.010879743858569192,-0.002570202139078948,0.023693093175897594,conditional_cluster_Bayesian_bootstrap_95pct
orpo,Universalism,selectivity,0.009473151736223193,-0.0007410844105123418,0.020056737597211296,conditional_cluster_Bayesian_bootstrap_95pct
kto,Self_direction,selectivity,-0.016979452932101825,-0.031121036667318296,-0.004369647421645953,conditional_cluster_Bayesian_bootstrap_95pct
kto,Stimulation,selectivity,-0.008272750714868222,-0.02054607454368974,0.004079639446126341,conditional_cluster_Bayesian_bootstrap_95pct
kto,Hedonism,selectivity,-0.02317919892974625,-0.0296743070183895,-0.016890201802373522,conditional_cluster_Bayesian_bootstrap_95pct
kto,Achievement,selectivity,-0.014674019604468945,-0.025843395817286414,-0.0007855330984493106,conditional_cluster_Bayesian_bootstrap_95pct
kto,Power,selectivity,-0.05099374357600785,-0.06440894100760404,-0.03853583430765693,conditional_cluster_Bayesian_bootstrap_95pct
kto,Security,selectivity,-0.014294413005145626,-0.02760009448608218,-0.00011892348287061776,conditional_cluster_Bayesian_bootstrap_95pct
kto,Conformity,selectivity,-0.022975104157307056,-0.030467349491771455,-0.013411466622263715,conditional_cluster_Bayesian_bootstrap_95pct
kto,Tradition,selectivity,-0.01876947350059137,-0.038403437446529694,0.00021423273368718112,conditional_cluster_Bayesian_bootstrap_95pct
kto,Benevolence,selectivity,-0.002562240944619371,-0.014350471834683102,0.009602879947428257,conditional_cluster_Bayesian_bootstrap_95pct
kto,Universalism,selectivity,-0.019277281688643608,-0.0324491780707888,-0.007288704379707024,conditional_cluster_Bayesian_bootstrap_95pct
caa_residual,Self_direction,selectivity,-0.04311971155478796,-0.10491919340553028,0.024771363668382545,conditional_cluster_Bayesian_bootstrap_95pct
caa_residual,Stimulation,selectivity,0.3799726645617952,0.21159861081316428,0.5051941678607518,conditional_cluster_Bayesian_bootstrap_95pct
caa_residual,Hedonism,selectivity,-0.09090924823647988,-0.10668857103326404,-0.0763775476375202,conditional_cluster_Bayesian_bootstrap_95pct
caa_residual,Achievement,selectivity,0.01976207408036068,-0.1811183035490194,0.22615850734822057,conditional_cluster_Bayesian_bootstrap_95pct
caa_residual,Power,selectivity,0.002831509938369857,-0.021489225049454858,0.027041946994861343,conditional_cluster_Bayesian_bootstrap_95pct
caa_residual,Security,selectivity,0.0170112777757402,-0.021320593590414667,0.05928512543466465,conditional_cluster_Bayesian_bootstrap_95pct
caa_residual,Conformity,selectivity,0.2364795839534023,-0.021044828046346564,0.45932500254293257,conditional_cluster_Bayesian_bootstrap_95pct
caa_residual,Tradition,selectivity,-0.07234372927842099,-0.09937668615229468,-0.04515060009414114,conditional_cluster_Bayesian_bootstrap_95pct
caa_residual,Benevolence,selectivity,0.054831795879180245,0.00454453169014875,0.10560181223625444,conditional_cluster_Bayesian_bootstrap_95pct
caa_residual,Universalism,selectivity,0.26879149743234454,0.12286764634828626,0.43288436008476283,conditional_cluster_Bayesian_bootstrap_95pct
caa_attention,Self_direction,selectivity,0.12847901706198936,0.015745522721522274,0.2588204335830479,conditional_cluster_Bayesian_bootstrap_95pct
caa_attention,Stimulation,selectivity,0.5720448531496451,0.24001905536871984,0.8005290893146848,conditional_cluster_Bayesian_bootstrap_95pct
caa_attention,Hedonism,selectivity,-0.08644831380455795,-0.14564340027318112,-0.02675422227595064,conditional_cluster_Bayesian_bootstrap_95pct
caa_attention,Achievement,selectivity,0.16961091223943464,0.052515125366104455,0.31849134005150026,conditional_cluster_Bayesian_bootstrap_95pct
caa_attention,Power,selectivity,0.05253608994251126,-0.01137757564573975,0.11592491857497265,conditional_cluster_Bayesian_bootstrap_95pct
caa_attention,Security,selectivity,0.0855151778258755,-0.0639276940611917,0.2960280129047959,conditional_cluster_Bayesian_bootstrap_95pct
caa_attention,Conformity,selectivity,-0.07575336911818734,-0.14026145738275014,-0.013768466210074182,conditional_cluster_Bayesian_bootstrap_95pct
caa_attention,Tradition,selectivity,-0.03998400086016957,-0.04934184999342454,-0.02889990126520585,conditional_cluster_Bayesian_bootstrap_95pct
caa_attention,Benevolence,selectivity,-0.03042046083284567,-0.061149004908800264,-0.0010074815983328231,conditional_cluster_Bayesian_bootstrap_95pct
caa_attention,Universalism,selectivity,-0.01786826926724904,-0.024363639446125768,-0.011159380115661855,conditional_cluster_Bayesian_bootstrap_95pct
sft,Self_direction,aita_primary,-0.10113224363114579,-0.12543697467113235,-0.07855921336663822,conditional_cluster_Bayesian_bootstrap_95pct
sft,Stimulation,aita_primary,-0.010908364487242203,-0.04364828875896381,0.03483907063024922,conditional_cluster_Bayesian_bootstrap_95pct
sft,Hedonism,aita_primary,-0.052801102472749585,-0.09698525680519261,-0.016137007563160572,conditional_cluster_Bayesian_bootstrap_95pct
sft,Achievement,aita_primary,-0.018909380465227287,-0.044895221020341394,0.007089430252515508,conditional_cluster_Bayesian_bootstrap_95pct
sft,Power,aita_primary,-0.03958174559627433,-0.06488188342361725,-0.019159265521771104,conditional_cluster_Bayesian_bootstrap_95pct
sft,Security,aita_primary,-0.0006711079051934625,-0.050120020609976286,0.043681807965494444,conditional_cluster_Bayesian_bootstrap_95pct
sft,Conformity,aita_primary,0.015649834107715824,0.007413022379494698,0.024075572849019483,conditional_cluster_Bayesian_bootstrap_95pct
sft,Tradition,aita_primary,0.014801171761035086,-0.01970011402532214,0.06799204565215804,conditional_cluster_Bayesian_bootstrap_95pct
sft,Benevolence,aita_primary,0.03721407531597081,0.025528116716492782,0.04903897389632814,conditional_cluster_Bayesian_bootstrap_95pct
sft,Universalism,aita_primary,0.002102383497174574,-0.015219675855117618,0.02021618482207241,conditional_cluster_Bayesian_bootstrap_95pct
dpo,Self_direction,aita_primary,0.01615689641890078,0.002446496746247837,0.03220419573671581,conditional_cluster_Bayesian_bootstrap_95pct
dpo,Stimulation,aita_primary,0.002731833101537683,-0.009611422213968253,0.017891312737618778,conditional_cluster_Bayesian_bootstrap_95pct
dpo,Hedonism,aita_primary,0.004230881126232417,-0.009532780224364226,0.02276513563966747,conditional_cluster_Bayesian_bootstrap_95pct
dpo,Achievement,aita_primary,0.015455311177390964,0.008125604038457038,0.023614131224653254,conditional_cluster_Bayesian_bootstrap_95pct
dpo,Power,aita_primary,0.003688503915902712,-0.004021350536587503,0.011429751079352395,conditional_cluster_Bayesian_bootstrap_95pct
dpo,Security,aita_primary,0.0050691502273121905,0.0024515017241146355,0.007911572428789941,conditional_cluster_Bayesian_bootstrap_95pct
dpo,Conformity,aita_primary,0.001347874925138513,-0.0014430793536596377,0.004071125242921138,conditional_cluster_Bayesian_bootstrap_95pct
dpo,Tradition,aita_primary,0.007385535851889726,-0.002956975667460313,0.02020813228108958,conditional_cluster_Bayesian_bootstrap_95pct
dpo,Benevolence,aita_primary,0.00954456049472422,0.006633748051844304,0.012618704315673215,conditional_cluster_Bayesian_bootstrap_95pct
dpo,Universalism,aita_primary,0.004984879399209717,0.0004029619130022139,0.009501687759810801,conditional_cluster_Bayesian_bootstrap_95pct
hypo,Self_direction,aita_primary,0.009437357128084396,-0.0018273763031670318,0.019971716636790423,conditional_cluster_Bayesian_bootstrap_95pct
hypo,Stimulation,aita_primary,-0.01231655289995651,-0.03754273848825474,0.007678068270917038,conditional_cluster_Bayesian_bootstrap_95pct
hypo,Hedonism,aita_primary,0.008695120145855783,-0.0029397211331736836,0.022281053700358606,conditional_cluster_Bayesian_bootstrap_95pct
hypo,Achievement,aita_primary,0.007044190607264035,-0.0016709699928076935,0.01710266151469196,conditional_cluster_Bayesian_bootstrap_95pct
hypo,Power,aita_primary,0.009892008553513564,0.0034333199711329113,0.017611695972901426,conditional_cluster_Bayesian_bootstrap_95pct
hypo,Security,aita_primary,0.00028486886971700216,-0.0044887183988733086,0.0042658185881881625,conditional_cluster_Bayesian_bootstrap_95pct
hypo,Conformity,aita_primary,0.002995063388002341,0.00011820542540286057,0.005982736631719749,conditional_cluster_Bayesian_bootstrap_95pct
hypo,Tradition,aita_primary,0.001136689516188894,-0.009727246739748344,0.012205867173884014,conditional_cluster_Bayesian_bootstrap_95pct
hypo,Benevolence,aita_primary,0.010548051343884292,0.007241479283153082,0.014095307843843243,conditional_cluster_Bayesian_bootstrap_95pct
hypo,Universalism,aita_primary,0.0027903925532238743,-0.0022732355644940676,0.007195728144903898,conditional_cluster_Bayesian_bootstrap_95pct
ipo,Self_direction,aita_primary,0.020138733323401683,0.009023507541005931,0.03407653899295273,conditional_cluster_Bayesian_bootstrap_95pct
ipo,Stimulation,aita_primary,0.007085321894871066,-0.007838320231756037,0.023106674491624207,conditional_cluster_Bayesian_bootstrap_95pct
ipo,Hedonism,aita_primary,-0.0038473160114291024,-0.018102470488027076,0.011625868116918282,conditional_cluster_Bayesian_bootstrap_95pct
ipo,Achievement,aita_primary,-0.0005622637822484932,-0.010261195342545866,0.008043328025728809,conditional_cluster_Bayesian_bootstrap_95pct
ipo,Power,aita_primary,0.00924033484781697,0.0017747761261470696,0.018416135126495706,conditional_cluster_Bayesian_bootstrap_95pct
ipo,Security,aita_primary,0.001864537979513236,-0.0014332442479020682,0.005462108073804584,conditional_cluster_Bayesian_bootstrap_95pct
ipo,Conformity,aita_primary,0.006711369270244984,0.003736977868024436,0.009884595814167948,conditional_cluster_Bayesian_bootstrap_95pct
ipo,Tradition,aita_primary,-0.001753781352404423,-0.011727810599933497,0.006949715342070716,conditional_cluster_Bayesian_bootstrap_95pct
ipo,Benevolence,aita_primary,0.0053090778202862,0.0023780992725180475,0.00828263436646563,conditional_cluster_Bayesian_bootstrap_95pct
ipo,Universalism,aita_primary,0.0024621341048429728,-0.003418150648387816,0.008878085715442267,conditional_cluster_Bayesian_bootstrap_95pct
simpo,Self_direction,aita_primary,0.022328933713920907,0.00764514530673352,0.038564041420740124,conditional_cluster_Bayesian_bootstrap_95pct
simpo,Stimulation,aita_primary,-0.0029501557211661974,-0.021689978895049086,0.01084101599886257,conditional_cluster_Bayesian_bootstrap_95pct
simpo,Hedonism,aita_primary,0.002165035581350475,-0.008667880854303662,0.014112996486837582,conditional_cluster_Bayesian_bootstrap_95pct
simpo,Achievement,aita_primary,0.007816064455750428,-0.0012271225426146216,0.017675420263278244,conditional_cluster_Bayesian_bootstrap_95pct
simpo,Power,aita_primary,0.005515927982331273,-0.002633857685495171,0.0134976275497822,conditional_cluster_Bayesian_bootstrap_95pct
simpo,Security,aita_primary,0.0066568555609108,0.004004685500130043,0.009356086612494579,conditional_cluster_Bayesian_bootstrap_95pct
simpo,Conformity,aita_primary,0.006713937722743776,0.003428224667665104,0.010189432280492924,conditional_cluster_Bayesian_bootstrap_95pct
simpo,Tradition,aita_primary,0.007034488396823263,-0.004826029528577624,0.019574667290352576,conditional_cluster_Bayesian_bootstrap_95pct
simpo,Benevolence,aita_primary,0.011468576118831926,0.008319724759795841,0.014841179770328877,conditional_cluster_Bayesian_bootstrap_95pct
simpo,Universalism,aita_primary,0.005529767905640659,-0.000991400640668453,0.0127494348709597,conditional_cluster_Bayesian_bootstrap_95pct
orpo,Self_direction,aita_primary,0.006187152064661669,-0.0010964433614770942,0.012924902521736958,conditional_cluster_Bayesian_bootstrap_95pct
orpo,Stimulation,aita_primary,0.007124703118424636,-0.006909690712399326,0.01999925693913183,conditional_cluster_Bayesian_bootstrap_95pct
orpo,Hedonism,aita_primary,-0.010150582867339566,-0.02913259562653479,0.007720863892371856,conditional_cluster_Bayesian_bootstrap_95pct
orpo,Achievement,aita_primary,0.0008491305269499082,-0.010556407074554902,0.012639091688725573,conditional_cluster_Bayesian_bootstrap_95pct
orpo,Power,aita_primary,0.005316889397629276,-0.0015463556172878104,0.013161567866800544,conditional_cluster_Bayesian_bootstrap_95pct
orpo,Security,aita_primary,-0.0006096010131623179,-0.007595236414739353,0.003913726514226787,conditional_cluster_Bayesian_bootstrap_95pct
orpo,Conformity,aita_primary,0.0033942045937280156,0.0007252010689506443,0.006547794219079413,conditional_cluster_Bayesian_bootstrap_95pct
orpo,Tradition,aita_primary,-0.0013145941214556132,-0.012460933053627193,0.00875795855801365,conditional_cluster_Bayesian_bootstrap_95pct
orpo,Benevolence,aita_primary,0.0033224998122187406,0.000652286980652939,0.005965033221528757,conditional_cluster_Bayesian_bootstrap_95pct
orpo,Universalism,aita_primary,0.003725748095439035,-0.00035625393865026597,0.00844929013656548,conditional_cluster_Bayesian_bootstrap_95pct
kto,Self_direction,aita_primary,0.004952239090062415,-0.001701179655445887,0.012304905948892638,conditional_cluster_Bayesian_bootstrap_95pct
kto,Stimulation,aita_primary,0.0038550094573761326,-0.010086615240853584,0.0175789653882592,conditional_cluster_Bayesian_bootstrap_95pct
kto,Hedonism,aita_primary,-0.0019416518068234492,-0.017299651897724307,0.014406078891967595,conditional_cluster_Bayesian_bootstrap_95pct
kto,Achievement,aita_primary,0.003672614737731634,-0.006041616351412937,0.014496629965837017,conditional_cluster_Bayesian_bootstrap_95pct
kto,Power,aita_primary,0.002912275908020833,-0.004515528463053864,0.011029706678042758,conditional_cluster_Bayesian_bootstrap_95pct
kto,Security,aita_primary,0.006542675292245243,0.0016910663236657682,0.011782071693640683,conditional_cluster_Bayesian_bootstrap_95pct
kto,Conformity,aita_primary,-0.0001400878614196162,-0.0035749940189047256,0.003189468987724531,conditional_cluster_Bayesian_bootstrap_95pct
kto,Tradition,aita_primary,-0.007893176668300502,-0.01797492777761923,0.002048571828430078,conditional_cluster_Bayesian_bootstrap_95pct
kto,Benevolence,aita_primary,0.00349095133789347,0.0007413971650513394,0.006334234435947508,conditional_cluster_Bayesian_bootstrap_95pct
kto,Universalism,aita_primary,0.0030213913998571704,-0.0011910826347793038,0.007062539816455432,conditional_cluster_Bayesian_bootstrap_95pct
caa_residual,Self_direction,aita_primary,-0.2738289238407102,-0.3515242381455372,-0.20144356884472767,conditional_cluster_Bayesian_bootstrap_95pct
caa_residual,Stimulation,aita_primary,-0.015804509429355688,-0.15741016553852677,0.1830741338683305,conditional_cluster_Bayesian_bootstrap_95pct
caa_residual,Hedonism,aita_primary,0.030322042487387055,-0.002897562712339783,0.06648132899171563,conditional_cluster_Bayesian_bootstrap_95pct
caa_residual,Achievement,aita_primary,0.2064219430571488,0.11168369090414286,0.3038534646300118,conditional_cluster_Bayesian_bootstrap_95pct
caa_residual,Power,aita_primary,0.0050527185289536885,-0.004629236739635035,0.014412928508553104,conditional_cluster_Bayesian_bootstrap_95pct
caa_residual,Security,aita_primary,-0.02436922789657736,-0.03079999540245176,-0.01730941372395625,conditional_cluster_Bayesian_bootstrap_95pct
caa_residual,Conformity,aita_primary,-0.059876475672749715,-0.08204283241181132,-0.03916578863538389,conditional_cluster_Bayesian_bootstrap_95pct
caa_residual,Tradition,aita_primary,-0.006008658122436246,-0.02828622847185824,0.017530736444124315,conditional_cluster_Bayesian_bootstrap_95pct
caa_residual,Benevolence,aita_primary,-0.02531026954335617,-0.03189438912757385,-0.01885456198683993,conditional_cluster_Bayesian_bootstrap_95pct
caa_residual,Universalism,aita_primary,-0.10409721447592447,-0.14215727110051332,-0.06469134861553183,conditional_cluster_Bayesian_bootstrap_95pct
caa_attention,Self_direction,aita_primary,-0.0897058583691076,-0.13076625423193522,-0.04627974295515251,conditional_cluster_Bayesian_bootstrap_95pct
caa_attention,Stimulation,aita_primary,-0.11531615865904442,-0.21234484098820078,-0.028980726721847015,conditional_cluster_Bayesian_bootstrap_95pct
caa_attention,Hedonism,aita_primary,0.07316101269201988,0.0007208899295003658,0.16474288677778537,conditional_cluster_Bayesian_bootstrap_95pct
caa_attention,Achievement,aita_primary,-0.1104601431703937,-0.16642233787060512,-0.06106123499450538,conditional_cluster_Bayesian_bootstrap_95pct
caa_attention,Power,aita_primary,-0.04110272939485992,-0.07438067273496443,-0.014017296176945079,conditional_cluster_Bayesian_bootstrap_95pct
caa_attention,Security,aita_primary,0.02931150930362942,-0.007174779653034952,0.06192658135211871,conditional_cluster_Bayesian_bootstrap_95pct
caa_attention,Conformity,aita_primary,-0.012189307962240346,-0.02986780516767787,0.006075938764200469,conditional_cluster_Bayesian_bootstrap_95pct
caa_attention,Tradition,aita_primary,0.005982273871102993,-0.0018838727280623437,0.015604955637901069,conditional_cluster_Bayesian_bootstrap_95pct
caa_attention,Benevolence,aita_primary,0.0016113999327917738,-0.004826197983543645,0.008106915198381871,conditional_cluster_Bayesian_bootstrap_95pct
caa_attention,Universalism,aita_primary,-0.0029376443084457374,-0.00536290350446749,-0.0005320165795107521,conditional_cluster_Bayesian_bootstrap_95pct
sft,Self_direction,aita_strict,-0.06679805509974296,-0.08269262542308428,-0.05246996869834018,conditional_cluster_Bayesian_bootstrap_95pct
sft,Stimulation,aita_strict,-0.006819914336263664,-0.04222173951853352,0.029954075616347036,conditional_cluster_Bayesian_bootstrap_95pct
sft,Hedonism,aita_strict,-0.03778294810701596,-0.0666547534908055,-0.013148797517774315,conditional_cluster_Bayesian_bootstrap_95pct
sft,Achievement,aita_strict,-0.015140943851448922,-0.037010114388123315,0.006483446209340882,conditional_cluster_Bayesian_bootstrap_95pct
sft,Power,aita_strict,-0.022096387298761993,-0.040215300843285555,-0.005668936645490765,conditional_cluster_Bayesian_bootstrap_95pct
sft,Security,aita_strict,0.02417995977599815,-0.018370970760912333,0.06896537215234702,conditional_cluster_Bayesian_bootstrap_95pct
sft,Conformity,aita_strict,0.014381266699993994,0.006880978466474171,0.02194251387591592,conditional_cluster_Bayesian_bootstrap_95pct
sft,Tradition,aita_strict,0.032357635302697876,-0.004174889386114707,0.0742953236807049,conditional_cluster_Bayesian_bootstrap_95pct
sft,Benevolence,aita_strict,0.03819164919717592,0.02815631636585385,0.048431293873647294,conditional_cluster_Bayesian_bootstrap_95pct
sft,Universalism,aita_strict,0.013423109302438771,-0.00023384314374309194,0.02861288630528623,conditional_cluster_Bayesian_bootstrap_95pct
dpo,Self_direction,aita_strict,0.01160177882734682,0.002352169992347467,0.022259218528533166,conditional_cluster_Bayesian_bootstrap_95pct
dpo,Stimulation,aita_strict,-0.002903350696511921,-0.020725747152589593,0.010388983365548912,conditional_cluster_Bayesian_bootstrap_95pct
dpo,Hedonism,aita_strict,0.002411566915038594,-0.007962243428476568,0.016809188566810625,conditional_cluster_Bayesian_bootstrap_95pct
dpo,Achievement,aita_strict,0.010472696867903449,0.004793883190607703,0.016510813667852564,conditional_cluster_Bayesian_bootstrap_95pct
dpo,Power,aita_strict,0.0009823325421106088,-0.00496691657206384,0.00676607312473032,conditional_cluster_Bayesian_bootstrap_95pct
dpo,Security,aita_strict,0.004065961430895931,0.0016508952090740147,0.006802677135508785,conditional_cluster_Bayesian_bootstrap_95pct
dpo,Conformity,aita_strict,-0.0013127414929562696,-0.004039792803170078,0.0013704680279298781,conditional_cluster_Bayesian_bootstrap_95pct
dpo,Tradition,aita_strict,0.009612370132556067,-0.0011058599909526117,0.02146502714633535,conditional_cluster_Bayesian_bootstrap_95pct
dpo,Benevolence,aita_strict,0.0047841719939113484,0.002206841658007035,0.007420521638572812,conditional_cluster_Bayesian_bootstrap_95pct
dpo,Universalism,aita_strict,0.001925072516005493,-0.0027762185339950786,0.005960768833846776,conditional_cluster_Bayesian_bootstrap_95pct
hypo,Self_direction,aita_strict,0.006028630646165534,-0.0020048210191772153,0.01385605810218039,conditional_cluster_Bayesian_bootstrap_95pct
hypo,Stimulation,aita_strict,-0.008269161883233511,-0.025209866302287384,0.0051033372491856395,conditional_cluster_Bayesian_bootstrap_95pct
hypo,Hedonism,aita_strict,0.004656008608064368,-0.005142663501071137,0.016013080217975203,conditional_cluster_Bayesian_bootstrap_95pct
hypo,Achievement,aita_strict,0.007138943181207578,-9.536806933977975e-05,0.015797339276038318,conditional_cluster_Bayesian_bootstrap_95pct
hypo,Power,aita_strict,0.004382253896496301,-0.0016259936013831339,0.010621430348045935,conditional_cluster_Bayesian_bootstrap_95pct
hypo,Security,aita_strict,-5.5179040963374655e-05,-0.004971134483969063,0.0037748584586445853,conditional_cluster_Bayesian_bootstrap_95pct
hypo,Conformity,aita_strict,0.0017837197649625807,-0.0009359389625156584,0.004543880769705047,conditional_cluster_Bayesian_bootstrap_95pct
hypo,Tradition,aita_strict,0.004264965272467869,-0.008025725986988872,0.017497183195431452,conditional_cluster_Bayesian_bootstrap_95pct
hypo,Benevolence,aita_strict,0.004560381202803606,0.001717383269626281,0.0074831425385384455,conditional_cluster_Bayesian_bootstrap_95pct
hypo,Universalism,aita_strict,0.0019305115544968644,-0.002114286329843315,0.005613934261940564,conditional_cluster_Bayesian_bootstrap_95pct
ipo,Self_direction,aita_strict,0.013941833132726986,0.006411645238356904,0.02318148047086173,conditional_cluster_Bayesian_bootstrap_95pct
ipo,Stimulation,aita_strict,0.0026345289715940844,-0.015197808287063292,0.017320274418115626,conditional_cluster_Bayesian_bootstrap_95pct
ipo,Hedonism,aita_strict,-0.005486976941735215,-0.01800839547545828,0.006689264094261673,conditional_cluster_Bayesian_bootstrap_95pct
ipo,Achievement,aita_strict,1.0608808342514367e-05,-0.007487901063189024,0.006707536985037917,conditional_cluster_Bayesian_bootstrap_95pct
ipo,Power,aita_strict,0.003473958017643421,-0.0032547258012216584,0.010569042822919972,conditional_cluster_Bayesian_bootstrap_95pct
ipo,Security,aita_strict,0.00149747269663249,-0.0015394884521691492,0.0043013907218236004,conditional_cluster_Bayesian_bootstrap_95pct
ipo,Conformity,aita_strict,0.004821586653062708,0.0021106514796603152,0.0076010199016010365,conditional_cluster_Bayesian_bootstrap_95pct
ipo,Tradition,aita_strict,0.0010916790631083488,-0.007807476262795562,0.01096367431543712,conditional_cluster_Bayesian_bootstrap_95pct
ipo,Benevolence,aita_strict,0.0011910639365977098,-0.0013170651020115434,0.0036680172605131948,conditional_cluster_Bayesian_bootstrap_95pct
ipo,Universalism,aita_strict,0.0025078071104961902,-0.0017896278038475452,0.006939466166922404,conditional_cluster_Bayesian_bootstrap_95pct
simpo,Self_direction,aita_strict,0.014806083418315266,0.004570749695155565,0.0258739111061505,conditional_cluster_Bayesian_bootstrap_95pct
simpo,Stimulation,aita_strict,0.0006608819871018798,-0.013144501308116549,0.012993106574335587,conditional_cluster_Bayesian_bootstrap_95pct
simpo,Hedonism,aita_strict,7.04170981545586e-05,-0.00889356380273213,0.008668418898547185,conditional_cluster_Bayesian_bootstrap_95pct
simpo,Achievement,aita_strict,0.004130692784164311,-0.0030845460073649954,0.011516193145440484,conditional_cluster_Bayesian_bootstrap_95pct
simpo,Power,aita_strict,0.0025999577993841335,-0.003958735882696902,0.008840200999889301,conditional_cluster_Bayesian_bootstrap_95pct
simpo,Security,aita_strict,0.005754999410563328,0.003372155937752345,0.008798368941826508,conditional_cluster_Bayesian_bootstrap_95pct
simpo,Conformity,aita_strict,0.002868520230575052,-6.82761587692887e-05,0.005901004677364249,conditional_cluster_Bayesian_bootstrap_95pct
simpo,Tradition,aita_strict,0.00852079392409483,-0.003987220677767429,0.022222900203109408,conditional_cluster_Bayesian_bootstrap_95pct
simpo,Benevolence,aita_strict,0.006008715652145578,0.00325448012381639,0.008866331952456976,conditional_cluster_Bayesian_bootstrap_95pct
simpo,Universalism,aita_strict,0.003017676860874752,-0.004221801214201533,0.00914920782878696,conditional_cluster_Bayesian_bootstrap_95pct
orpo,Self_direction,aita_strict,0.0052054684321354225,0.00016210210229864928,0.009932826743303617,conditional_cluster_Bayesian_bootstrap_95pct
orpo,Stimulation,aita_strict,0.004825458108073893,-0.015880083105123507,0.023844529140718655,conditional_cluster_Bayesian_bootstrap_95pct
orpo,Hedonism,aita_strict,-0.00914940121420796,-0.0253544358971151,0.005141101695216111,conditional_cluster_Bayesian_bootstrap_95pct
orpo,Achievement,aita_strict,0.0021511858168998953,-0.007751863596261691,0.012448782078623153,conditional_cluster_Bayesian_bootstrap_95pct
orpo,Power,aita_strict,0.0015188386913085339,-0.004321164660046037,0.007471384513062224,conditional_cluster_Bayesian_bootstrap_95pct
orpo,Security,aita_strict,0.0002738663147634652,-0.004961811728320385,0.005206753466308128,conditional_cluster_Bayesian_bootstrap_95pct
orpo,Conformity,aita_strict,0.0019577240261619677,-0.0004305642808917361,0.00453819107382775,conditional_cluster_Bayesian_bootstrap_95pct
orpo,Tradition,aita_strict,0.00036431949261532743,-0.01161592122434313,0.012298359916649104,conditional_cluster_Bayesian_bootstrap_95pct
orpo,Benevolence,aita_strict,0.0013850901332197563,-0.0008815453743932349,0.0036396477795295427,conditional_cluster_Bayesian_bootstrap_95pct
orpo,Universalism,aita_strict,0.004211195681064851,0.00011317792052871776,0.008227655595213866,conditional_cluster_Bayesian_bootstrap_95pct
kto,Self_direction,aita_strict,0.004390543414440436,-0.00036113373692124394,0.00959432750764737,conditional_cluster_Bayesian_bootstrap_95pct
kto,Stimulation,aita_strict,-0.0011169960313642214,-0.02256196772738233,0.013496325349137752,conditional_cluster_Bayesian_bootstrap_95pct
kto,Hedonism,aita_strict,0.0007060108223683893,-0.010973491977000002,0.01702632108312812,conditional_cluster_Bayesian_bootstrap_95pct
kto,Achievement,aita_strict,0.002154761013770661,-0.005232562010442554,0.010179517330691513,conditional_cluster_Bayesian_bootstrap_95pct
kto,Power,aita_strict,0.001800153039793053,-0.0037783440273011786,0.007870784041741845,conditional_cluster_Bayesian_bootstrap_95pct
kto,Security,aita_strict,0.0027890212198106016,-0.006646198661465349,0.00872155697823342,conditional_cluster_Bayesian_bootstrap_95pct
kto,Conformity,aita_strict,-0.0014090305046631142,-0.00471641666232048,0.0016140069647894834,conditional_cluster_Bayesian_bootstrap_95pct
kto,Tradition,aita_strict,-0.009511044777866807,-0.018661262449924235,-0.0007071763461352531,conditional_cluster_Bayesian_bootstrap_95pct
kto,Benevolence,aita_strict,0.001268891140606574,-0.0011550503822380176,0.003715223365924624,conditional_cluster_Bayesian_bootstrap_95pct
kto,Universalism,aita_strict,0.0031150941589609287,-0.0003472887760105943,0.006571008193059484,conditional_cluster_Bayesian_bootstrap_95pct
caa_residual,Self_direction,aita_strict,-0.18422837846969073,-0.23763476886258852,-0.13134584960341955,conditional_cluster_Bayesian_bootstrap_95pct
caa_residual,Stimulation,aita_strict,0.002702616250045202,-0.10834762534039881,0.14273163911565756,conditional_cluster_Bayesian_bootstrap_95pct
caa_residual,Hedonism,aita_strict,0.028443180355685632,0.004186975788349523,0.05302539052745212,conditional_cluster_Bayesian_bootstrap_95pct
caa_residual,Achievement,aita_strict,0.13966777245709774,0.0630815940257988,0.22123123316792626,conditional_cluster_Bayesian_bootstrap_95pct
caa_residual,Power,aita_strict,0.004101578518596805,-0.0033396106723060084,0.011133178188288179,conditional_cluster_Bayesian_bootstrap_95pct
caa_residual,Security,aita_strict,-0.013238615928032391,-0.02047846898597155,-0.00268684990448575,conditional_cluster_Bayesian_bootstrap_95pct
caa_residual,Conformity,aita_strict,0.013539960837265457,-0.00869248126025265,0.035084819067195266,conditional_cluster_Bayesian_bootstrap_95pct
caa_residual,Tradition,aita_strict,0.014194100306984926,-0.012766707704990008,0.051194474271328276,conditional_cluster_Bayesian_bootstrap_95pct
caa_residual,Benevolence,aita_strict,-0.004755064132667576,-0.010966757714730073,0.001470496423541057,conditional_cluster_Bayesian_bootstrap_95pct
caa_residual,Universalism,aita_strict,-0.027243971018728688,-0.07079659722261053,0.025525173968528114,conditional_cluster_Bayesian_bootstrap_95pct
caa_attention,Self_direction,aita_strict,-0.04419498891251199,-0.07426184216063271,-0.010477651079706544,conditional_cluster_Bayesian_bootstrap_95pct
caa_attention,Stimulation,aita_strict,-0.07399910537319057,-0.1417952699127245,-0.008735735075623755,conditional_cluster_Bayesian_bootstrap_95pct
caa_attention,Hedonism,aita_strict,0.033599544967948015,-0.03702039609379401,0.10414353524787281,conditional_cluster_Bayesian_bootstrap_95pct
caa_attention,Achievement,aita_strict,-0.07498205692900307,-0.12302308885995683,-0.036709494503761236,conditional_cluster_Bayesian_bootstrap_95pct
caa_attention,Power,aita_strict,-0.02657125755634696,-0.052263349456291124,-0.0031270603970608712,conditional_cluster_Bayesian_bootstrap_95pct
caa_attention,Security,aita_strict,0.011677287817154847,-0.05464138905914394,0.06255369663788882,conditional_cluster_Bayesian_bootstrap_95pct
caa_attention,Conformity,aita_strict,0.021116050208181414,0.004244506063476115,0.038319861493567815,conditional_cluster_Bayesian_bootstrap_95pct
caa_attention,Tradition,aita_strict,0.006782646546618689,-0.0017417226443202636,0.016574944492853898,conditional_cluster_Bayesian_bootstrap_95pct
caa_attention,Benevolence,aita_strict,0.007665956948176711,0.0018668201636662498,0.013670243126456798,conditional_cluster_Bayesian_bootstrap_95pct
caa_attention,Universalism,aita_strict,-0.0010760591155302153,-0.0032383577506569635,0.0014477529523911233,conditional_cluster_Bayesian_bootstrap_95pct
