method,mean_selectivity,worst_value_selectivity,positive_selectivity_values,positive_AITA_values,worst_AITA_gain
caa_attention,0.07577116363364463,-0.08644831380455795,5,4,-0.1153161586590444
caa_residual,0.07733077145515042,-0.09090924823647988,7,3,-0.2738289238407102
dpo,-0.02190409123970628,-0.05014996487820591,0,10,0.0013478749251385133
hypo,-0.012473543004215187,-0.031010142695709363,2,9,-0.012316552899956514
ipo,-0.010922856006572737,-0.03183311468696892,2,7,-0.003847316011429103
kto,-0.01919776790535001,-0.05099374357600785,0,7,-0.007893176668300502
orpo,-0.007367319258743515,-0.021476591588685826,2,7,-0.010150582867339566
sft,0.7424587488968581,-0.2758190495793616,9,4,-0.10113224363114577
simpo,-0.012806098536345645,-0.0434211419401436,2,9,-0.0029501557211661983
