method,target_drop_macro,non_target_drift_macro,selectivity_macro,target_drop_micro,non_target_drift_micro,selectivity_micro,aita_gain_macro,aita_strict_gain_macro,aita_gain_micro,aita_strict_gain_micro,targets,seeds
caa_attention,0.17627792932246525,0.10050676568882062,0.07577116363364463,0.17176493356815983,0.10107749198046603,0.07068744158769379,-0.026164564606454766,-0.013998198139850312,-0.020830466025193766,-0.009600019639729136,10,1
caa_residual,0.31199779837800556,0.2346670269228551,0.07733077145515042,0.30566558169555436,0.23564356830428795,0.07002201339126642,-0.02674985749076203,-0.0026816820823443647,-0.029773273118285103,-0.005756542682368105,10,1
dpo,4.123089808503941e-05,0.02194532213779132,-0.02190409123970628,-0.00020452725105902947,0.022465092546365393,-0.022669619797424424,0.007059542663823892,0.004163985903630011,0.00830992354461634,0.0052118025842081165,10,1
hypo,0.008960076375807613,0.0214336193800228,-0.012473543004215187,0.007933504564437865,0.021964167288800514,-0.014030662724362649,0.004050718920577767,0.0026421073202467817,0.004897854412667079,0.0033411064424934537,10,1
ipo,0.014294894656657448,0.025217750663230183,-0.010922856006572737,0.014085521973776494,0.026015291533902717,-0.011929769560126226,0.004664814809489509,0.0025683561448469243,0.003060304151688794,0.001617637562426575,10,1
kto,0.0002461679003930228,0.019443935805743034,-0.01919776790535001,-0.00018070046585863184,0.019412376901056606,-0.019593077366915235,0.001847224088664333,0.00041874034958565043,0.0025960973631286304,0.0009776328209600395,10,1
orpo,0.014958370685160927,0.022325689943904443,-0.007367319258743515,0.01473770848680248,0.022523188732751977,-0.007785480245949492,0.001784554960709378,0.0012743745482035156,0.0014135956013223846,0.0008468917735654708,10,1
sft,1.0221236917035081,0.2796649428066501,0.7424587488968581,1.0244265830635975,0.28815528415383296,0.7362712989097645,-0.015423647987593636,-0.0026104628414928793,-0.015763713301732853,-0.004230800302743767,10,1
simpo,0.010744740416957202,0.023550838953302844,-0.012806098536345645,0.010482900593257096,0.023949745638289124,-0.01346684504503203,0.0072279431717137315,0.004843873916537369,0.0075198976590830245,0.005195634825819447,10,1
